# Blender 3.6.21
# www.blender.org
mtllib traffic.mtl
v -0.407868 0.975426 -0.013613
v -0.401935 0.975426 -0.013613
v -0.407868 0.966836 -0.007372
v -0.401935 0.966836 -0.007372
v -0.407868 0.970117 0.002726
v -0.401935 0.970117 0.002726
v -0.407868 0.980735 0.002726
v -0.401935 0.980735 0.002726
v -0.407868 0.984015 -0.007372
v -0.401935 0.984015 -0.007372
v -0.401935 0.988480 -0.008822
v -0.401935 0.983494 -0.015685
v -0.401935 0.983494 0.006524
v -0.401935 0.988480 -0.000339
v -0.401935 0.967358 0.006524
v -0.401935 0.975426 0.009145
v -0.401935 0.962372 -0.008822
v -0.401935 0.962372 -0.000339
v -0.401935 0.975426 -0.018307
v -0.401935 0.967358 -0.015685
v -0.400289 0.975426 -0.018307
v -0.400289 0.983494 -0.015685
v -0.400289 0.988480 -0.008822
v -0.400289 0.988480 -0.000339
v -0.400289 0.983494 0.006524
v -0.400289 0.975426 0.009145
v -0.400289 0.967358 0.006524
v -0.400289 0.962372 -0.000339
v -0.400289 0.962372 -0.008822
v -0.400289 0.967358 -0.015685
v 0.407868 0.975426 -0.013613
v 0.401936 0.975426 -0.013613
v 0.407868 0.966836 -0.007372
v 0.401936 0.966836 -0.007372
v 0.407868 0.970117 0.002726
v 0.401936 0.970117 0.002726
v 0.407868 0.980735 0.002726
v 0.401936 0.980735 0.002726
v 0.407868 0.984015 -0.007372
v 0.401936 0.984015 -0.007372
v 0.401936 0.988480 -0.008822
v 0.401936 0.983494 -0.015685
v 0.401936 0.983494 0.006524
v 0.401936 0.988480 -0.000339
v 0.401936 0.967358 0.006524
v 0.401936 0.975426 0.009145
v 0.401936 0.962372 -0.008822
v 0.401936 0.962372 -0.000339
v 0.401936 0.975426 -0.018307
v 0.401936 0.967358 -0.015685
v 0.400289 0.975426 -0.018307
v 0.400289 0.983494 -0.015685
v 0.400289 0.988480 -0.008822
v 0.400289 0.988480 -0.000339
v 0.400289 0.983494 0.006524
v 0.400289 0.975426 0.009145
v 0.400289 0.967358 0.006524
v 0.400289 0.962372 -0.000339
v 0.400289 0.962372 -0.008822
v 0.400289 0.967358 -0.015685
v -0.400289 0.000001 -0.356373
v -0.400289 0.000001 -0.421216
v -0.332274 0.000001 -0.356373
v -0.332274 0.000001 -0.421216
v -0.400289 1.019257 -0.064416
v -0.332274 1.019257 -0.064416
v -0.400289 0.956535 -0.086294
v -0.332274 0.956535 -0.086294
v -0.342048 0.947314 -0.022207
v -0.390514 0.947314 -0.022207
v -0.332274 0.956535 -0.018966
v -0.400289 0.956535 -0.018966
v -0.342048 0.009222 -0.353133
v -0.390514 0.009222 -0.353133
v -0.390514 0.012484 -0.390826
v -0.342048 0.012484 -0.390826
v -0.342048 0.958837 -0.056476
v -0.390514 0.958837 -0.056476
v -0.390514 0.906424 -0.036691
v -0.390514 0.888354 -0.043064
v -0.390514 0.870284 -0.049437
v -0.390514 0.852214 -0.055811
v -0.390514 0.834144 -0.062184
v -0.390514 0.816074 -0.068557
v -0.390514 0.798004 -0.074930
v -0.390514 0.779934 -0.081304
v -0.390514 0.761864 -0.087677
v -0.390514 0.725724 -0.100423
v -0.390514 0.707654 -0.106797
v -0.390514 0.689584 -0.113170
v -0.390514 0.671514 -0.119543
v -0.390514 0.653444 -0.125917
v -0.390514 0.635374 -0.132290
v -0.390514 0.599234 -0.145036
v -0.390514 0.581164 -0.151410
v -0.390514 0.563094 -0.157783
v -0.390514 0.545024 -0.164156
v -0.390514 0.526954 -0.170529
v -0.390514 0.508884 -0.176903
v -0.390514 0.490814 -0.183276
v -0.342048 0.906262 -0.036748
v -0.342048 0.888194 -0.043121
v -0.342048 0.870126 -0.049493
v -0.342048 0.852059 -0.055866
v -0.342048 0.833991 -0.062238
v -0.342048 0.815924 -0.068610
v -0.342048 0.797856 -0.074983
v -0.342048 0.779788 -0.081355
v -0.342048 0.761721 -0.087728
v -0.342048 0.707518 -0.106845
v -0.342048 0.689450 -0.113217
v -0.342048 0.653315 -0.125962
v -0.342048 0.635247 -0.132335
v -0.342048 0.617180 -0.138707
v -0.342048 0.599112 -0.145079
v -0.342048 0.581044 -0.151452
v -0.342048 0.562977 -0.157824
v -0.342048 0.544909 -0.164197
v -0.342048 0.526842 -0.170569
v -0.342048 0.508774 -0.176941
v -0.342048 0.490706 -0.183314
v -0.390514 0.496159 -0.216734
v -0.390514 0.514208 -0.210471
v -0.390514 0.532256 -0.204207
v -0.390514 0.550304 -0.197944
v -0.390514 0.568353 -0.191681
v -0.390514 0.586401 -0.185418
v -0.390514 0.604449 -0.179155
v -0.390514 0.622498 -0.172891
v -0.390514 0.640546 -0.166628
v -0.390514 0.658595 -0.160365
v -0.390514 0.676643 -0.154102
v -0.390514 0.694691 -0.147838
v -0.390514 0.712740 -0.141575
v -0.390514 0.730788 -0.135312
v -0.390514 0.748837 -0.129049
v -0.390514 0.766885 -0.122785
v -0.390514 0.784933 -0.116522
v -0.390514 0.802982 -0.110259
v -0.390514 0.821030 -0.103996
v -0.390514 0.839078 -0.097732
v -0.390514 0.857127 -0.091469
v -0.390514 0.875175 -0.085206
v -0.390514 0.893224 -0.078943
v -0.390514 0.911272 -0.072680
v -0.400289 0.494219 -0.181953
v -0.400289 0.512317 -0.175575
v -0.400289 0.530414 -0.169197
v -0.400289 0.548512 -0.162819
v -0.400289 0.566610 -0.156441
v -0.400289 0.584708 -0.150063
v -0.400289 0.602806 -0.143685
v -0.400289 0.620903 -0.137307
v -0.400289 0.637553 -0.131440
v -0.400289 0.653838 -0.125701
v -0.400289 0.675197 -0.118174
v -0.400289 0.693295 -0.111796
v -0.400289 0.711392 -0.105418
v -0.400289 0.729490 -0.099040
v -0.400289 0.747588 -0.092662
v -0.400289 0.765686 -0.086284
v -0.400289 0.783783 -0.079906
v -0.400289 0.801881 -0.073528
v -0.400289 0.819979 -0.067150
v -0.400289 0.838077 -0.060772
v -0.400289 0.856175 -0.054394
v -0.400289 0.874272 -0.048016
v -0.400289 0.892370 -0.041639
v -0.400289 0.910468 -0.035261
v -0.342048 0.495884 -0.218243
v -0.342048 0.513921 -0.211936
v -0.342048 0.531957 -0.205629
v -0.342048 0.549993 -0.199322
v -0.342048 0.568029 -0.193016
v -0.342048 0.586065 -0.186709
v -0.342048 0.604102 -0.180402
v -0.342048 0.622138 -0.174095
v -0.342048 0.640174 -0.167789
v -0.342048 0.658210 -0.161482
v -0.342048 0.676246 -0.155175
v -0.342048 0.694283 -0.148868
v -0.342048 0.712319 -0.142562
v -0.342048 0.730355 -0.136255
v -0.342048 0.748391 -0.129948
v -0.342048 0.766427 -0.123641
v -0.342048 0.784464 -0.117335
v -0.342048 0.802500 -0.111028
v -0.342048 0.820536 -0.104721
v -0.342048 0.838572 -0.098415
v -0.342048 0.856608 -0.092108
v -0.342048 0.874645 -0.085801
v -0.342048 0.892681 -0.079494
v -0.342048 0.910717 -0.073188
v -0.400289 0.743582 -0.160835
v -0.332274 0.494159 -0.181974
v -0.332274 0.512256 -0.175596
v -0.332274 0.530352 -0.169219
v -0.332274 0.548449 -0.162841
v -0.332274 0.566545 -0.156464
v -0.332274 0.584642 -0.150086
v -0.332274 0.602738 -0.143709
v -0.332274 0.620834 -0.137332
v -0.332274 0.638931 -0.130954
v -0.332274 0.657027 -0.124577
v -0.332274 0.675124 -0.118199
v -0.332274 0.693220 -0.111822
v -0.332274 0.711317 -0.105444
v -0.332274 0.729413 -0.099067
v -0.332274 0.747510 -0.092689
v -0.332274 0.765606 -0.086312
v -0.332274 0.783703 -0.079935
v -0.332274 0.801799 -0.073557
v -0.332274 0.819896 -0.067180
v -0.332274 0.837992 -0.060802
v -0.332274 0.856089 -0.054425
v -0.332274 0.874185 -0.048047
v -0.332274 0.892282 -0.041670
v -0.332274 0.910378 -0.035292
v -0.332274 0.743565 -0.160840
v -0.390514 0.743816 -0.093940
v -0.390514 0.618054 -0.138788
v -0.342048 0.743684 -0.094034
v -0.342048 0.725554 -0.100538
v -0.342048 0.671414 -0.119524
v -0.400289 0.000001 0.356373
v -0.400289 0.000001 0.421216
v -0.332274 0.000001 0.356373
v -0.332274 0.000001 0.421216
v -0.400289 1.019257 0.064416
v -0.332274 1.019257 0.064416
v -0.400289 0.956535 0.086294
v -0.332274 0.956535 0.086294
v -0.342048 0.947314 0.022207
v -0.390514 0.947314 0.022207
v -0.332274 0.956535 0.018966
v -0.400289 0.956535 0.018966
v -0.342048 0.009222 0.353133
v -0.390514 0.009222 0.353133
v -0.390514 0.009911 0.391229
v -0.342048 0.009911 0.391229
v -0.342048 0.958837 0.056476
v -0.390514 0.958837 0.056476
v -0.390514 0.906424 0.036691
v -0.390514 0.888354 0.043064
v -0.390514 0.870284 0.049437
v -0.390514 0.852214 0.055811
v -0.390514 0.834144 0.062184
v -0.390514 0.816074 0.068557
v -0.390514 0.798004 0.074930
v -0.390514 0.779934 0.081304
v -0.390514 0.761864 0.087677
v -0.390514 0.743794 0.094050
v -0.390514 0.725724 0.100423
v -0.390514 0.707654 0.106797
v -0.390514 0.689584 0.113170
v -0.390514 0.671514 0.119543
v -0.390514 0.653444 0.125917
v -0.390514 0.635374 0.132290
v -0.390514 0.599234 0.145036
v -0.390514 0.581164 0.151410
v -0.390514 0.563094 0.157783
v -0.390514 0.545024 0.164156
v -0.390514 0.526954 0.170529
v -0.390514 0.508884 0.176903
v -0.390514 0.490814 0.183276
v -0.342048 0.906262 0.036748
v -0.342048 0.888194 0.043121
v -0.342048 0.870126 0.049493
v -0.342048 0.852059 0.055866
v -0.342048 0.833991 0.062238
v -0.342048 0.815924 0.068610
v -0.342048 0.797856 0.074983
v -0.342048 0.779788 0.081355
v -0.342048 0.761721 0.087728
v -0.342048 0.743653 0.094100
v -0.342048 0.707518 0.106845
v -0.342048 0.689450 0.113217
v -0.342048 0.653315 0.125962
v -0.342048 0.635247 0.132335
v -0.342048 0.617180 0.138707
v -0.342048 0.599112 0.145079
v -0.342048 0.581044 0.151452
v -0.342048 0.562977 0.157824
v -0.342048 0.544909 0.164197
v -0.342048 0.526842 0.170569
v -0.342048 0.508774 0.176941
v -0.342048 0.490706 0.183314
v -0.390514 0.496159 0.216734
v -0.390514 0.514208 0.210471
v -0.390514 0.532256 0.204207
v -0.390514 0.550304 0.197944
v -0.390514 0.568353 0.191681
v -0.390514 0.586401 0.185418
v -0.390514 0.604449 0.179155
v -0.390514 0.622498 0.172891
v -0.390514 0.640546 0.166628
v -0.390514 0.658595 0.160365
v -0.390514 0.676643 0.154102
v -0.390514 0.694691 0.147838
v -0.390514 0.712740 0.141575
v -0.390514 0.730788 0.135312
v -0.390514 0.748837 0.129049
v -0.390514 0.766885 0.122785
v -0.390514 0.784933 0.116522
v -0.390514 0.802982 0.110259
v -0.390514 0.821030 0.103996
v -0.390514 0.839078 0.097733
v -0.390514 0.857127 0.091469
v -0.390514 0.875175 0.085206
v -0.390514 0.893224 0.078943
v -0.390514 0.911272 0.072680
v -0.400289 0.494219 0.181953
v -0.400289 0.512317 0.175575
v -0.400289 0.530414 0.169197
v -0.400289 0.548512 0.162819
v -0.400289 0.566610 0.156441
v -0.400289 0.584708 0.150063
v -0.400289 0.602806 0.143685
v -0.400289 0.620903 0.137307
v -0.400289 0.637553 0.131440
v -0.400289 0.653838 0.125701
v -0.400289 0.675197 0.118174
v -0.400289 0.693295 0.111796
v -0.400289 0.711392 0.105418
v -0.400289 0.729490 0.099040
v -0.400289 0.747588 0.092662
v -0.400289 0.765686 0.086284
v -0.400289 0.783783 0.079906
v -0.400289 0.801881 0.073528
v -0.400289 0.819979 0.067150
v -0.400289 0.838077 0.060772
v -0.400289 0.856175 0.054394
v -0.400289 0.874272 0.048016
v -0.400289 0.892370 0.041639
v -0.400289 0.910468 0.035261
v -0.342048 0.495884 0.218243
v -0.342048 0.513921 0.211936
v -0.342048 0.531957 0.205629
v -0.342048 0.549993 0.199322
v -0.342048 0.568029 0.193016
v -0.342048 0.586065 0.186709
v -0.342048 0.604102 0.180402
v -0.342048 0.622138 0.174095
v -0.342048 0.640174 0.167789
v -0.342048 0.658210 0.161482
v -0.342048 0.676246 0.155175
v -0.342048 0.694283 0.148868
v -0.342048 0.712319 0.142562
v -0.342048 0.730355 0.136255
v -0.342048 0.748391 0.129948
v -0.342048 0.766427 0.123642
v -0.342048 0.784464 0.117335
v -0.342048 0.802500 0.111028
v -0.342048 0.820536 0.104721
v -0.342048 0.838572 0.098415
v -0.342048 0.856608 0.092108
v -0.342048 0.874645 0.085801
v -0.342048 0.892681 0.079494
v -0.342048 0.910717 0.073188
v -0.400289 0.747518 0.159472
v -0.332274 0.494159 0.181974
v -0.332274 0.512256 0.175596
v -0.332274 0.530352 0.169219
v -0.332274 0.548449 0.162841
v -0.332274 0.566545 0.156464
v -0.332274 0.584642 0.150086
v -0.332274 0.602738 0.143709
v -0.332274 0.620834 0.137332
v -0.332274 0.638931 0.130954
v -0.332274 0.657027 0.124577
v -0.332274 0.675124 0.118199
v -0.332274 0.693220 0.111822
v -0.332274 0.711317 0.105444
v -0.332274 0.729413 0.099067
v -0.332274 0.747510 0.092689
v -0.332274 0.765606 0.086312
v -0.332274 0.783703 0.079935
v -0.332274 0.801799 0.073557
v -0.332274 0.819896 0.067180
v -0.332274 0.837992 0.060802
v -0.332274 0.856089 0.054425
v -0.332274 0.874185 0.048047
v -0.332274 0.892282 0.041670
v -0.332274 0.910378 0.035292
v -0.332274 0.747495 0.159480
v -0.390514 0.618054 0.138788
v -0.342048 0.725554 0.100538
v -0.342048 0.671414 0.119524
v 0.400289 0.000000 -0.356373
v 0.400289 0.000000 -0.421216
v 0.332275 0.000000 -0.356373
v 0.332275 0.000000 -0.421216
v 0.400289 1.019257 -0.064416
v 0.332275 1.019257 -0.064416
v 0.400289 0.956535 -0.086294
v 0.332275 0.956535 -0.086294
v 0.342048 0.947314 -0.022207
v 0.390514 0.947314 -0.022207
v 0.332275 0.956535 -0.018966
v 0.400289 0.956535 -0.018966
v 0.342048 0.009222 -0.353133
v 0.390514 0.009222 -0.353133
v 0.390514 0.012484 -0.390826
v 0.342048 0.012484 -0.390826
v 0.342048 0.958837 -0.056476
v 0.390514 0.958837 -0.056476
v 0.390514 0.906424 -0.036691
v 0.390514 0.888354 -0.043064
v 0.390514 0.870284 -0.049437
v 0.390514 0.852214 -0.055811
v 0.390514 0.834144 -0.062184
v 0.390514 0.816074 -0.068557
v 0.390514 0.798004 -0.074930
v 0.390514 0.779934 -0.081304
v 0.390514 0.761864 -0.087677
v 0.390514 0.725724 -0.100423
v 0.390514 0.707654 -0.106797
v 0.390514 0.689584 -0.113170
v 0.390514 0.671514 -0.119543
v 0.390514 0.653444 -0.125917
v 0.390514 0.635374 -0.132290
v 0.390514 0.599234 -0.145036
v 0.390514 0.581164 -0.151410
v 0.390514 0.563094 -0.157783
v 0.390514 0.545024 -0.164156
v 0.390514 0.526954 -0.170529
v 0.390514 0.508884 -0.176903
v 0.390514 0.490814 -0.183276
v 0.342048 0.906262 -0.036748
v 0.342048 0.888194 -0.043121
v 0.342048 0.870126 -0.049493
v 0.342048 0.852059 -0.055866
v 0.342048 0.833991 -0.062238
v 0.342048 0.815924 -0.068610
v 0.342048 0.797856 -0.074983
v 0.342048 0.779788 -0.081355
v 0.342048 0.761721 -0.087728
v 0.342048 0.707518 -0.106845
v 0.342048 0.689450 -0.113217
v 0.342048 0.653315 -0.125962
v 0.342048 0.635247 -0.132335
v 0.342048 0.617180 -0.138707
v 0.342048 0.599112 -0.145079
v 0.342048 0.581044 -0.151452
v 0.342048 0.562977 -0.157824
v 0.342048 0.544909 -0.164197
v 0.342048 0.526841 -0.170569
v 0.342048 0.508774 -0.176941
v 0.342048 0.490706 -0.183314
v 0.390514 0.496159 -0.216734
v 0.390514 0.514208 -0.210471
v 0.390514 0.532256 -0.204207
v 0.390514 0.550304 -0.197944
v 0.390514 0.568353 -0.191681
v 0.390514 0.586401 -0.185418
v 0.390514 0.604449 -0.179154
v 0.390514 0.622498 -0.172891
v 0.390514 0.640546 -0.166628
v 0.390514 0.658595 -0.160365
v 0.390514 0.676643 -0.154102
v 0.390514 0.694691 -0.147838
v 0.390514 0.712740 -0.141575
v 0.390514 0.730788 -0.135312
v 0.390514 0.748837 -0.129049
v 0.390514 0.766885 -0.122785
v 0.390514 0.784933 -0.116522
v 0.390514 0.802982 -0.110259
v 0.390514 0.821030 -0.103996
v 0.390514 0.839078 -0.097732
v 0.390514 0.857127 -0.091469
v 0.390514 0.875175 -0.085206
v 0.390514 0.893224 -0.078943
v 0.390514 0.911272 -0.072680
v 0.400289 0.494219 -0.181953
v 0.400289 0.512317 -0.175575
v 0.400289 0.530414 -0.169197
v 0.400289 0.548512 -0.162819
v 0.400289 0.566610 -0.156441
v 0.400289 0.584708 -0.150063
v 0.400289 0.602806 -0.143685
v 0.400289 0.620903 -0.137307
v 0.400289 0.637553 -0.131440
v 0.400289 0.653838 -0.125701
v 0.400289 0.675197 -0.118174
v 0.400289 0.693295 -0.111796
v 0.400289 0.711392 -0.105418
v 0.400289 0.729490 -0.099040
v 0.400289 0.747588 -0.092662
v 0.400289 0.765686 -0.086284
v 0.400289 0.783783 -0.079906
v 0.400289 0.801881 -0.073528
v 0.400289 0.819979 -0.067150
v 0.400289 0.838077 -0.060772
v 0.400289 0.856175 -0.054394
v 0.400289 0.874272 -0.048016
v 0.400289 0.892370 -0.041639
v 0.400289 0.910468 -0.035261
v 0.342048 0.495884 -0.218243
v 0.342048 0.513921 -0.211936
v 0.342048 0.531957 -0.205629
v 0.342048 0.549993 -0.199322
v 0.342048 0.568029 -0.193016
v 0.342048 0.586065 -0.186709
v 0.342048 0.604102 -0.180402
v 0.342048 0.622138 -0.174095
v 0.342048 0.640174 -0.167789
v 0.342048 0.658210 -0.161482
v 0.342048 0.676246 -0.155175
v 0.342048 0.694283 -0.148868
v 0.342048 0.712319 -0.142562
v 0.342048 0.730355 -0.136255
v 0.342048 0.748391 -0.129948
v 0.342048 0.766427 -0.123641
v 0.342048 0.784464 -0.117335
v 0.342048 0.802500 -0.111028
v 0.342048 0.820536 -0.104721
v 0.342048 0.838572 -0.098415
v 0.342048 0.856609 -0.092108
v 0.342048 0.874645 -0.085801
v 0.342048 0.892681 -0.079494
v 0.342048 0.910717 -0.073188
v 0.400289 0.772242 -0.150827
v 0.332275 0.494159 -0.181974
v 0.332275 0.512256 -0.175596
v 0.332275 0.530352 -0.169219
v 0.332275 0.548449 -0.162841
v 0.332275 0.566545 -0.156464
v 0.332275 0.584642 -0.150086
v 0.332275 0.602738 -0.143709
v 0.332275 0.620834 -0.137332
v 0.332275 0.638931 -0.130954
v 0.332275 0.657027 -0.124577
v 0.332275 0.675124 -0.118199
v 0.332275 0.693220 -0.111822
v 0.332275 0.711317 -0.105444
v 0.332275 0.729413 -0.099067
v 0.332275 0.747510 -0.092689
v 0.332275 0.765606 -0.086312
v 0.332275 0.783703 -0.079935
v 0.332275 0.801799 -0.073557
v 0.332275 0.819896 -0.067180
v 0.332275 0.837992 -0.060802
v 0.332275 0.856089 -0.054425
v 0.332275 0.874185 -0.048047
v 0.332275 0.892282 -0.041670
v 0.332275 0.910378 -0.035292
v 0.332275 0.772218 -0.150835
v 0.390514 0.743816 -0.093940
v 0.390514 0.618054 -0.138788
v 0.342048 0.743684 -0.094034
v 0.342048 0.725554 -0.100538
v 0.342048 0.671414 -0.119524
v 0.400289 0.000000 0.356373
v 0.400289 0.000000 0.421216
v 0.332275 0.000000 0.356373
v 0.332275 0.000000 0.421216
v 0.400289 1.019257 0.064416
v 0.332275 1.019257 0.064416
v 0.400289 0.956535 0.086294
v 0.332275 0.956535 0.086294
v 0.342048 0.947314 0.022207
v 0.390514 0.947314 0.022207
v 0.332275 0.956535 0.018966
v 0.400289 0.956535 0.018966
v 0.342048 0.009222 0.353133
v 0.390514 0.009222 0.353133
v 0.390514 0.009911 0.391229
v 0.342048 0.009911 0.391229
v 0.342048 0.958837 0.056476
v 0.390514 0.958837 0.056476
v 0.390514 0.906424 0.036691
v 0.390514 0.888354 0.043064
v 0.390514 0.870284 0.049437
v 0.390514 0.852214 0.055811
v 0.390514 0.834144 0.062184
v 0.390514 0.816074 0.068557
v 0.390514 0.798004 0.074930
v 0.390514 0.779934 0.081304
v 0.390514 0.761864 0.087677
v 0.390514 0.743794 0.094050
v 0.390514 0.725724 0.100423
v 0.390514 0.707654 0.106797
v 0.390514 0.689584 0.113170
v 0.390514 0.671514 0.119543
v 0.390514 0.653444 0.125917
v 0.390514 0.635374 0.132290
v 0.390514 0.599234 0.145036
v 0.390514 0.581164 0.151410
v 0.390514 0.563094 0.157783
v 0.390514 0.545024 0.164156
v 0.390514 0.526954 0.170529
v 0.390514 0.508884 0.176903
v 0.390514 0.490814 0.183276
v 0.342048 0.906262 0.036748
v 0.342048 0.888194 0.043121
v 0.342048 0.870126 0.049493
v 0.342048 0.852059 0.055866
v 0.342048 0.833991 0.062238
v 0.342048 0.815924 0.068610
v 0.342048 0.797856 0.074983
v 0.342048 0.779788 0.081355
v 0.342048 0.761721 0.087728
v 0.342048 0.743653 0.094100
v 0.342048 0.707518 0.106845
v 0.342048 0.689450 0.113217
v 0.342048 0.653315 0.125962
v 0.342048 0.635247 0.132335
v 0.342048 0.617180 0.138707
v 0.342048 0.599112 0.145079
v 0.342048 0.581044 0.151452
v 0.342048 0.562977 0.157824
v 0.342048 0.544909 0.164197
v 0.342048 0.526841 0.170569
v 0.342048 0.508774 0.176941
v 0.342048 0.490706 0.183314
v 0.390514 0.496159 0.216734
v 0.390514 0.514208 0.210471
v 0.390514 0.532256 0.204207
v 0.390514 0.550304 0.197944
v 0.390514 0.568353 0.191681
v 0.390514 0.586401 0.185418
v 0.390514 0.604449 0.179155
v 0.390514 0.622498 0.172891
v 0.390514 0.640546 0.166628
v 0.390514 0.658595 0.160365
v 0.390514 0.676643 0.154102
v 0.390514 0.694691 0.147838
v 0.390514 0.712740 0.141575
v 0.390514 0.730788 0.135312
v 0.390514 0.748837 0.129049
v 0.390514 0.766885 0.122785
v 0.390514 0.784933 0.116522
v 0.390514 0.802982 0.110259
v 0.390514 0.821030 0.103996
v 0.390514 0.839078 0.097733
v 0.390514 0.857127 0.091469
v 0.390514 0.875175 0.085206
v 0.390514 0.893224 0.078943
v 0.390514 0.911272 0.072680
v 0.400289 0.494219 0.181953
v 0.400289 0.512317 0.175575
v 0.400289 0.530414 0.169197
v 0.400289 0.548512 0.162819
v 0.400289 0.566610 0.156441
v 0.400289 0.584708 0.150063
v 0.400289 0.602806 0.143685
v 0.400289 0.620903 0.137307
v 0.400289 0.637553 0.131440
v 0.400289 0.653838 0.125701
v 0.400289 0.675197 0.118174
v 0.400289 0.693295 0.111796
v 0.400289 0.711392 0.105418
v 0.400289 0.729490 0.099040
v 0.400289 0.747588 0.092662
v 0.400289 0.765686 0.086284
v 0.400289 0.783783 0.079906
v 0.400289 0.801881 0.073528
v 0.400289 0.819979 0.067150
v 0.400289 0.838077 0.060772
v 0.400289 0.856175 0.054394
v 0.400289 0.874272 0.048016
v 0.400289 0.892370 0.041639
v 0.400289 0.910468 0.035261
v 0.342048 0.495884 0.218243
v 0.342048 0.513921 0.211936
v 0.342048 0.531957 0.205629
v 0.342048 0.549993 0.199322
v 0.342048 0.568029 0.193016
v 0.342048 0.586065 0.186709
v 0.342048 0.604102 0.180402
v 0.342048 0.622138 0.174095
v 0.342048 0.640174 0.167789
v 0.342048 0.658210 0.161482
v 0.342048 0.676246 0.155175
v 0.342048 0.694283 0.148868
v 0.342048 0.712319 0.142562
v 0.342048 0.730355 0.136255
v 0.342048 0.748391 0.129948
v 0.342048 0.766427 0.123642
v 0.342048 0.784464 0.117335
v 0.342048 0.802500 0.111028
v 0.342048 0.820536 0.104721
v 0.342048 0.838572 0.098415
v 0.342048 0.856609 0.092108
v 0.342048 0.874645 0.085801
v 0.342048 0.892681 0.079494
v 0.342048 0.910717 0.073188
v 0.400289 0.783227 0.146981
v 0.400289 0.783682 0.146821
v 0.332275 0.494159 0.181974
v 0.332275 0.512256 0.175596
v 0.332275 0.530352 0.169219
v 0.332275 0.548449 0.162841
v 0.332275 0.566545 0.156464
v 0.332275 0.584642 0.150086
v 0.332275 0.602738 0.143709
v 0.332275 0.620834 0.137332
v 0.332275 0.638931 0.130954
v 0.332275 0.657027 0.124577
v 0.332275 0.675124 0.118199
v 0.332275 0.693220 0.111822
v 0.332275 0.711317 0.105444
v 0.332275 0.729413 0.099067
v 0.332275 0.747510 0.092689
v 0.332275 0.765606 0.086312
v 0.332275 0.783703 0.079935
v 0.332275 0.801799 0.073557
v 0.332275 0.819896 0.067180
v 0.332275 0.837992 0.060802
v 0.332275 0.856089 0.054425
v 0.332275 0.874185 0.048047
v 0.332275 0.892282 0.041670
v 0.332275 0.910378 0.035292
v 0.332275 0.783658 0.146830
v 0.332275 0.783202 0.146989
v 0.390514 0.618054 0.138788
v 0.342048 0.725554 0.100538
v 0.342048 0.671414 0.119524
v -0.443947 0.668641 -0.190653
v -0.443947 0.976818 -0.078906
v -0.443947 0.675430 -0.209375
v -0.443947 0.983606 -0.097629
v 0.443947 0.668641 -0.190653
v 0.443947 0.976817 -0.078906
v 0.443947 0.675430 -0.209375
v 0.443947 0.983606 -0.097629
v -0.443947 0.663229 0.191181
v -0.443947 0.971406 0.079435
v -0.443947 0.670018 0.209904
v -0.443947 0.978195 0.098158
v 0.443947 0.663229 0.191181
v 0.443947 0.971406 0.079435
v 0.443947 0.670018 0.209904
v 0.443947 0.978195 0.098158
v -0.443947 0.323293 -0.307159
v -0.443947 0.470456 -0.253520
v -0.443947 0.330566 -0.327114
v -0.443947 0.477729 -0.273475
v 0.443947 0.323293 -0.307159
v 0.443947 0.470456 -0.253520
v 0.443947 0.330566 -0.327114
v 0.443947 0.477729 -0.273475
v -0.443947 0.323293 0.307159
v -0.443947 0.470456 0.253520
v -0.443947 0.330566 0.327114
v -0.443947 0.477729 0.273475
v 0.443947 0.323293 0.307159
v 0.443947 0.470456 0.253520
v 0.443947 0.330566 0.327114
v 0.443947 0.477729 0.273475
vn -1.0000 -0.0000 -0.0000
vn 1.0000 -0.0000 -0.0000
vn -0.0000 0.9511 0.3090
vn -0.0000 -0.0000 1.0000
vn -0.0000 -0.9511 0.3090
vn -0.0000 -0.5878 -0.8090
vn -0.0000 0.9511 -0.3090
vn -0.0000 0.5878 -0.8090
vn -0.0000 -0.9511 -0.3090
vn -0.0000 -0.0000 -1.0000
vn -0.0000 0.5878 0.8090
vn -0.0000 -0.5878 0.8090
vn -0.0000 0.3299 -0.9440
vn -0.0000 0.3294 -0.9442
vn -0.0000 -1.0000 -0.0000
vn -0.0000 1.0000 -0.0000
vn -0.0033 -0.3321 0.9432
vn 0.0033 -0.3321 0.9432
vn -0.0006 -0.3326 0.9431
vn 0.0006 -0.3326 0.9431
vn -0.0000 0.9963 0.0862
vn -0.0000 -0.9478 -0.3187
vn 0.0031 -0.3253 0.9456
vn -0.0000 0.3304 -0.9438
vn -0.0000 0.3305 -0.9438
vn -0.0096 -0.3326 0.9430
vn -0.0056 -0.3326 0.9430
vn -0.0000 -0.3328 0.9430
vn 0.0007 -0.3325 0.9431
vn -0.0007 -0.3325 0.9431
vn -0.0005 -0.3332 0.9428
vn 0.0057 -0.3326 0.9430
vn 0.0096 -0.3326 0.9430
vn 0.0137 -0.3374 0.9413
vn -0.0113 -0.3325 0.9430
vn -0.0076 -0.3325 0.9431
vn -0.0108 -0.3325 0.9430
vn -0.0073 -0.3325 0.9431
vn -0.0103 -0.3325 0.9431
vn -0.0069 -0.3325 0.9431
vn -0.0098 -0.3325 0.9431
vn -0.0066 -0.3325 0.9431
vn -0.0093 -0.3325 0.9431
vn -0.0063 -0.3325 0.9431
vn -0.0088 -0.3325 0.9431
vn -0.0072 -0.3296 0.9441
vn -0.0083 -0.3325 0.9431
vn -0.0068 -0.3295 0.9441
vn -0.0078 -0.3325 0.9431
vn -0.0053 -0.3325 0.9431
vn -0.0054 -0.3333 0.9428
vn -0.0042 -0.3329 0.9430
vn -0.0043 -0.3322 0.9432
vn -0.0030 -0.3323 0.9432
vn -0.0056 -0.3320 0.9433
vn -0.0036 -0.3316 0.9434
vn -0.0078 -0.3317 0.9434
vn -0.0046 -0.3318 0.9433
vn -0.0058 -0.3336 0.9427
vn -0.0045 -0.3322 0.9432
vn -0.0031 -0.3326 0.9430
vn -0.0022 -0.3321 0.9433
vn -0.0036 -0.3320 0.9433
vn -0.0020 -0.3308 0.9437
vn -0.0039 -0.3325 0.9431
vn -0.0027 -0.3325 0.9431
vn -0.0034 -0.3325 0.9431
vn -0.0023 -0.3325 0.9431
vn -0.0029 -0.3325 0.9431
vn -0.0020 -0.3325 0.9431
vn -0.0024 -0.3325 0.9431
vn -0.0017 -0.3325 0.9431
vn -0.0019 -0.3325 0.9431
vn -0.0013 -0.3325 0.9431
vn -0.0014 -0.3325 0.9431
vn -0.0010 -0.3325 0.9431
vn -0.0009 -0.3325 0.9431
vn 0.0005 -0.3332 0.9428
vn 0.0076 -0.3325 0.9431
vn 0.0113 -0.3325 0.9430
vn 0.0073 -0.3325 0.9431
vn 0.0108 -0.3325 0.9430
vn 0.0070 -0.3325 0.9431
vn 0.0103 -0.3325 0.9431
vn 0.0066 -0.3325 0.9431
vn 0.0098 -0.3325 0.9431
vn 0.0063 -0.3325 0.9431
vn 0.0093 -0.3325 0.9431
vn 0.0103 -0.3273 0.9449
vn 0.0225 -0.3269 0.9448
vn 0.0175 -0.3285 0.9443
vn 0.0267 -0.3346 0.9420
vn 0.0114 -0.3362 0.9417
vn 0.0146 -0.3365 0.9416
vn 0.0050 -0.3325 0.9431
vn 0.0074 -0.3325 0.9431
vn 0.0045 -0.3321 0.9432
vn 0.0068 -0.3325 0.9431
vn 0.0041 -0.3321 0.9432
vn 0.0058 -0.3325 0.9431
vn 0.0023 -0.3327 0.9430
vn 0.0016 -0.3340 0.9426
vn -0.0000 -0.3317 0.9434
vn 0.0002 -0.3319 0.9433
vn 0.0015 -0.3303 0.9439
vn 0.0029 -0.3316 0.9434
vn 0.0026 -0.3325 0.9431
vn 0.0038 -0.3325 0.9431
vn 0.0023 -0.3325 0.9431
vn 0.0033 -0.3325 0.9431
vn 0.0020 -0.3325 0.9431
vn 0.0029 -0.3325 0.9431
vn 0.0017 -0.3325 0.9431
vn 0.0024 -0.3325 0.9431
vn 0.0013 -0.3325 0.9431
vn 0.0019 -0.3325 0.9431
vn 0.0010 -0.3325 0.9431
vn 0.0014 -0.3325 0.9431
vn 0.0009 -0.3325 0.9431
vn 0.0075 -0.3290 0.9443
vn 0.0094 -0.3289 0.9443
vn 0.0112 -0.3289 0.9443
vn -0.0073 -0.9907 -0.1357
vn 0.0131 -0.3289 0.9443
vn 0.0079 0.9916 0.1294
vn 0.0150 -0.3289 0.9442
vn 0.0064 0.9885 0.1510
vn 0.0168 -0.3289 0.9442
vn 0.0187 -0.3289 0.9442
vn 0.0205 -0.3289 0.9441
vn 0.0224 -0.3289 0.9441
vn -0.0069 -0.9897 -0.1432
vn 0.0243 -0.3289 0.9441
vn 0.0074 0.9907 0.1357
vn 0.0261 -0.3288 0.9440
vn 0.0142 0.9909 0.1341
vn -0.0063 -0.9883 -0.1521
vn -0.0078 -0.9914 -0.1305
vn 0.0077 0.9904 0.1384
vn -0.0067 -0.9894 -0.1454
vn 0.0077 0.9913 0.1315
vn -0.0072 -0.9903 -0.1389
vn 0.0067 0.9892 0.1465
vn -0.0077 -0.9911 -0.1325
vn 0.0071 0.9901 0.1400
vn -0.0066 -0.9890 -0.1476
vn 0.0076 0.9910 0.1336
vn -0.0066 -0.9901 -0.1405
vn 0.0065 0.9889 0.1487
vn 0.0081 0.9918 0.1274
vn -0.0075 -0.9909 -0.1346
vn 0.0070 0.9898 0.1421
vn -0.0065 -0.9887 -0.1498
vn -0.0080 -0.9917 -0.1284
vn -0.0000 0.3299 0.9440
vn -0.0000 0.3294 0.9442
vn -0.0033 -0.3321 -0.9432
vn 0.0033 -0.3321 -0.9432
vn -0.0006 -0.3326 -0.9431
vn 0.0006 -0.3326 -0.9431
vn -0.0000 0.9998 -0.0181
vn -0.0000 -0.9478 0.3187
vn 0.0031 -0.3253 -0.9456
vn -0.0000 0.3305 0.9438
vn -0.0096 -0.3326 -0.9430
vn -0.0056 -0.3326 -0.9430
vn -0.0000 -0.3328 -0.9430
vn -0.0007 -0.3325 -0.9431
vn 0.0007 -0.3325 -0.9431
vn -0.0005 -0.3332 -0.9428
vn 0.0056 -0.3326 -0.9430
vn 0.0096 -0.3326 -0.9430
vn 0.0137 -0.3365 -0.9416
vn -0.0076 -0.3325 -0.9431
vn -0.0113 -0.3325 -0.9430
vn -0.0073 -0.3325 -0.9431
vn -0.0108 -0.3325 -0.9430
vn -0.0069 -0.3325 -0.9431
vn -0.0103 -0.3325 -0.9431
vn -0.0066 -0.3325 -0.9431
vn -0.0098 -0.3325 -0.9431
vn -0.0063 -0.3325 -0.9431
vn -0.0093 -0.3325 -0.9431
vn -0.0072 -0.3296 -0.9441
vn -0.0088 -0.3325 -0.9431
vn -0.0068 -0.3295 -0.9441
vn -0.0083 -0.3325 -0.9431
vn -0.0053 -0.3325 -0.9431
vn -0.0078 -0.3325 -0.9431
vn -0.0042 -0.3329 -0.9430
vn -0.0054 -0.3333 -0.9428
vn -0.0030 -0.3323 -0.9432
vn -0.0043 -0.3322 -0.9432
vn -0.0036 -0.3316 -0.9434
vn -0.0056 -0.3320 -0.9433
vn -0.0046 -0.3318 -0.9433
vn -0.0078 -0.3317 -0.9434
vn -0.0053 -0.3319 -0.9433
vn -0.0078 -0.3328 -0.9430
vn -0.0042 -0.3331 -0.9429
vn -0.0056 -0.3330 -0.9429
vn -0.0030 -0.3325 -0.9431
vn -0.0044 -0.3325 -0.9431
vn -0.0027 -0.3325 -0.9431
vn -0.0039 -0.3325 -0.9431
vn -0.0023 -0.3325 -0.9431
vn -0.0034 -0.3325 -0.9431
vn -0.0020 -0.3325 -0.9431
vn -0.0029 -0.3325 -0.9431
vn -0.0017 -0.3325 -0.9431
vn -0.0024 -0.3325 -0.9431
vn -0.0013 -0.3325 -0.9431
vn -0.0019 -0.3325 -0.9431
vn -0.0010 -0.3325 -0.9431
vn -0.0014 -0.3325 -0.9431
vn -0.0009 -0.3325 -0.9431
vn 0.0005 -0.3332 -0.9428
vn 0.0113 -0.3325 -0.9430
vn 0.0076 -0.3325 -0.9431
vn 0.0108 -0.3325 -0.9430
vn 0.0073 -0.3325 -0.9431
vn 0.0103 -0.3325 -0.9431
vn 0.0070 -0.3325 -0.9431
vn 0.0098 -0.3325 -0.9431
vn 0.0066 -0.3325 -0.9431
vn 0.0093 -0.3325 -0.9431
vn 0.0063 -0.3325 -0.9431
vn 0.0225 -0.3269 -0.9448
vn 0.0103 -0.3273 -0.9449
vn 0.0267 -0.3346 -0.9420
vn 0.0175 -0.3285 -0.9443
vn 0.0146 -0.3365 -0.9416
vn 0.0114 -0.3362 -0.9417
vn 0.0074 -0.3325 -0.9431
vn 0.0050 -0.3325 -0.9431
vn 0.0068 -0.3325 -0.9431
vn 0.0045 -0.3321 -0.9432
vn 0.0041 -0.3321 -0.9432
vn 0.0058 -0.3325 -0.9431
vn 0.0053 -0.3325 -0.9431
vn 0.0038 -0.3321 -0.9432
vn 0.0048 -0.3325 -0.9431
vn 0.0033 -0.3325 -0.9431
vn 0.0043 -0.3325 -0.9431
vn 0.0030 -0.3325 -0.9431
vn 0.0038 -0.3325 -0.9431
vn 0.0026 -0.3325 -0.9431
vn 0.0023 -0.3325 -0.9431
vn 0.0029 -0.3325 -0.9431
vn 0.0020 -0.3325 -0.9431
vn 0.0024 -0.3325 -0.9431
vn 0.0017 -0.3325 -0.9431
vn 0.0019 -0.3325 -0.9431
vn 0.0013 -0.3325 -0.9431
vn 0.0014 -0.3325 -0.9431
vn 0.0010 -0.3325 -0.9431
vn 0.0009 -0.3325 -0.9431
vn 0.0075 -0.3290 -0.9443
vn 0.0094 -0.3289 -0.9443
vn 0.0112 -0.3289 -0.9443
vn -0.0073 -0.9906 0.1368
vn 0.0131 -0.3289 -0.9443
vn 0.0079 0.9916 -0.1294
vn 0.0150 -0.3289 -0.9442
vn 0.0064 0.9885 -0.1510
vn 0.0168 -0.3289 -0.9442
vn 0.0187 -0.3289 -0.9442
vn 0.0206 -0.3289 -0.9441
vn 0.0224 -0.3289 -0.9441
vn -0.0069 -0.9897 0.1432
vn 0.0243 -0.3289 -0.9441
vn 0.0074 0.9907 -0.1357
vn 0.0261 -0.3288 -0.9440
vn 0.0142 0.9909 -0.1341
vn -0.0063 -0.9883 0.1521
vn -0.0078 -0.9914 0.1305
vn 0.0077 0.9904 -0.1384
vn -0.0067 -0.9894 0.1454
vn 0.0077 0.9913 -0.1315
vn -0.0072 -0.9903 0.1389
vn 0.0067 0.9892 -0.1465
vn -0.0077 -0.9911 0.1325
vn 0.0071 0.9901 -0.1400
vn -0.0066 -0.9890 0.1476
vn 0.0076 0.9910 -0.1336
vn -0.0066 -0.9901 0.1405
vn 0.0065 0.9889 -0.1487
vn 0.0081 0.9918 -0.1274
vn -0.0075 -0.9909 0.1346
vn 0.0070 0.9898 -0.1421
vn -0.0065 -0.9887 0.1498
vn -0.0080 -0.9917 0.1284
vn -0.0031 -0.3253 0.9456
vn 0.0056 -0.3326 0.9430
vn -0.0057 -0.3326 0.9430
vn -0.0137 -0.3374 0.9413
vn 0.0069 -0.3325 0.9431
vn 0.0072 -0.3296 0.9441
vn 0.0088 -0.3325 0.9431
vn 0.0068 -0.3295 0.9441
vn 0.0083 -0.3325 0.9431
vn 0.0053 -0.3325 0.9431
vn 0.0078 -0.3325 0.9431
vn 0.0042 -0.3329 0.9430
vn 0.0054 -0.3333 0.9428
vn 0.0030 -0.3323 0.9432
vn 0.0043 -0.3322 0.9432
vn 0.0036 -0.3316 0.9434
vn 0.0056 -0.3320 0.9433
vn 0.0046 -0.3318 0.9433
vn 0.0078 -0.3317 0.9434
vn 0.0045 -0.3322 0.9432
vn 0.0058 -0.3336 0.9427
vn 0.0022 -0.3321 0.9433
vn 0.0031 -0.3327 0.9430
vn 0.0020 -0.3308 0.9437
vn 0.0036 -0.3320 0.9433
vn 0.0027 -0.3325 0.9431
vn 0.0039 -0.3325 0.9431
vn 0.0034 -0.3325 0.9431
vn -0.0070 -0.3325 0.9431
vn -0.0225 -0.3269 0.9448
vn -0.0103 -0.3273 0.9449
vn -0.0267 -0.3346 0.9420
vn -0.0175 -0.3285 0.9443
vn -0.0146 -0.3365 0.9416
vn -0.0114 -0.3362 0.9417
vn -0.0074 -0.3325 0.9431
vn -0.0050 -0.3325 0.9431
vn -0.0068 -0.3325 0.9431
vn -0.0045 -0.3321 0.9432
vn -0.0041 -0.3321 0.9432
vn -0.0058 -0.3325 0.9431
vn -0.0016 -0.3340 0.9426
vn -0.0023 -0.3327 0.9430
vn -0.0002 -0.3319 0.9433
vn -0.0029 -0.3316 0.9434
vn -0.0015 -0.3303 0.9439
vn -0.0038 -0.3325 0.9431
vn -0.0026 -0.3325 0.9431
vn -0.0033 -0.3325 0.9431
vn -0.0075 -0.3290 0.9443
vn -0.0094 -0.3289 0.9443
vn -0.0112 -0.3289 0.9443
vn 0.0073 -0.9907 -0.1357
vn -0.0131 -0.3289 0.9443
vn -0.0079 0.9916 0.1294
vn -0.0150 -0.3289 0.9442
vn -0.0064 0.9885 0.1510
vn -0.0168 -0.3289 0.9442
vn -0.0187 -0.3289 0.9442
vn -0.0205 -0.3289 0.9441
vn -0.0224 -0.3289 0.9441
vn 0.0069 -0.9897 -0.1432
vn -0.0243 -0.3289 0.9441
vn -0.0074 0.9907 0.1357
vn -0.0261 -0.3288 0.9440
vn -0.0142 0.9909 0.1341
vn 0.0063 -0.9883 -0.1521
vn 0.0078 -0.9914 -0.1305
vn -0.0077 0.9904 0.1384
vn 0.0067 -0.9894 -0.1454
vn -0.0077 0.9913 0.1315
vn 0.0072 -0.9903 -0.1389
vn -0.0067 0.9892 0.1465
vn 0.0077 -0.9911 -0.1325
vn -0.0071 0.9901 0.1400
vn 0.0066 -0.9890 -0.1476
vn -0.0076 0.9910 0.1336
vn 0.0066 -0.9901 -0.1405
vn -0.0065 0.9889 0.1487
vn -0.0081 0.9918 0.1274
vn 0.0075 -0.9909 -0.1346
vn -0.0070 0.9898 0.1421
vn 0.0065 -0.9887 -0.1498
vn 0.0080 -0.9917 -0.1284
vn -0.0031 -0.3253 -0.9456
vn -0.0000 0.3303 0.9439
vn -0.0057 -0.3326 -0.9430
vn -0.0137 -0.3365 -0.9416
vn 0.0069 -0.3325 -0.9431
vn 0.0088 -0.3325 -0.9431
vn 0.0072 -0.3296 -0.9441
vn 0.0083 -0.3325 -0.9431
vn 0.0068 -0.3295 -0.9441
vn 0.0078 -0.3325 -0.9431
vn 0.0054 -0.3333 -0.9428
vn 0.0042 -0.3329 -0.9430
vn 0.0043 -0.3322 -0.9432
vn 0.0030 -0.3323 -0.9432
vn 0.0056 -0.3320 -0.9433
vn 0.0036 -0.3316 -0.9434
vn 0.0078 -0.3317 -0.9434
vn 0.0046 -0.3318 -0.9433
vn 0.0078 -0.3328 -0.9430
vn 0.0053 -0.3319 -0.9433
vn 0.0056 -0.3330 -0.9429
vn 0.0042 -0.3331 -0.9429
vn 0.0044 -0.3325 -0.9431
vn 0.0039 -0.3325 -0.9431
vn 0.0027 -0.3325 -0.9431
vn 0.0034 -0.3325 -0.9431
vn -0.0070 -0.3325 -0.9431
vn -0.0103 -0.3273 -0.9449
vn -0.0225 -0.3269 -0.9448
vn -0.0175 -0.3285 -0.9443
vn -0.0267 -0.3346 -0.9420
vn -0.0114 -0.3362 -0.9417
vn -0.0146 -0.3365 -0.9416
vn -0.0050 -0.3325 -0.9431
vn -0.0074 -0.3325 -0.9431
vn -0.0045 -0.3321 -0.9432
vn -0.0068 -0.3325 -0.9431
vn -0.0041 -0.3321 -0.9432
vn -0.0058 -0.3325 -0.9431
vn -0.0038 -0.3321 -0.9432
vn -0.0033 -0.3325 -0.9431
vn -0.0048 -0.3325 -0.9431
vn -0.0043 -0.3325 -0.9431
vn -0.0026 -0.3325 -0.9431
vn -0.0038 -0.3325 -0.9431
vn -0.0075 -0.3290 -0.9443
vn -0.0094 -0.3289 -0.9443
vn -0.0112 -0.3289 -0.9443
vn 0.0073 -0.9906 0.1368
vn -0.0131 -0.3289 -0.9443
vn -0.0079 0.9916 -0.1294
vn -0.0150 -0.3289 -0.9442
vn -0.0064 0.9885 -0.1510
vn -0.0168 -0.3289 -0.9442
vn -0.0187 -0.3289 -0.9442
vn -0.0205 -0.3289 -0.9441
vn -0.0224 -0.3289 -0.9441
vn 0.0069 -0.9897 0.1432
vn -0.0243 -0.3289 -0.9441
vn -0.0074 0.9907 -0.1357
vn -0.0261 -0.3288 -0.9440
vn -0.0142 0.9909 -0.1341
vn 0.0063 -0.9883 0.1521
vn 0.0078 -0.9914 0.1305
vn -0.0077 0.9904 -0.1384
vn 0.0067 -0.9894 0.1454
vn -0.0077 0.9913 -0.1315
vn 0.0072 -0.9903 0.1389
vn -0.0067 0.9892 -0.1465
vn 0.0077 -0.9911 0.1325
vn -0.0071 0.9901 -0.1400
vn 0.0066 -0.9890 0.1476
vn -0.0076 0.9910 -0.1336
vn 0.0066 -0.9901 0.1405
vn -0.0065 0.9889 -0.1487
vn -0.0081 0.9918 -0.1274
vn 0.0075 -0.9909 0.1346
vn -0.0070 0.9898 -0.1421
vn 0.0065 -0.9887 0.1498
vn 0.0080 -0.9917 0.1284
vn -0.0000 0.3409 -0.9401
vn -0.0000 -0.3409 0.9401
vn -0.0000 -0.9401 -0.3409
vn -0.0000 0.9401 0.3409
vn -0.0000 0.3409 0.9401
vn -0.0000 -0.3409 -0.9401
vn -0.0000 -0.9401 0.3409
vn -0.0000 0.9401 -0.3409
vn -0.0000 0.3424 -0.9395
vn -0.0000 -0.3424 0.9395
vn -0.0000 -0.9395 -0.3424
vn -0.0000 0.9395 0.3424
vn -0.0000 0.3424 0.9395
vn -0.0000 -0.3424 -0.9395
vn -0.0000 -0.9395 0.3424
vn -0.0000 0.9395 -0.3424
vt 0.637195 0.208098
vt 0.635266 0.208725
vt 0.635266 0.205059
vt 0.640908 0.210795
vt 0.640908 0.212824
vt 0.637421 0.211691
vt 0.643202 0.203734
vt 0.638613 0.203734
vt 0.640908 0.200960
vt 0.644394 0.202093
vt 0.644620 0.208098
vt 0.644394 0.211691
vt 0.646549 0.205059
vt 0.646549 0.208725
vt 0.625252 0.208722
vt 0.623097 0.211687
vt 0.619610 0.212820
vt 0.616124 0.211687
vt 0.613969 0.208722
vt 0.613969 0.205055
vt 0.616124 0.202089
vt 0.619610 0.200957
vt 0.623097 0.202089
vt 0.625252 0.205055
vt 0.140286 0.003559
vt 0.144650 0.002141
vt 0.147347 0.005854
vt 0.144650 0.009566
vt 0.140286 0.008148
vt 0.895735 0.006405
vt 0.893171 0.006405
vt 0.893171 0.001817
vt 0.895735 0.001817
vt 0.259443 0.028528
vt 0.262007 0.028528
vt 0.262007 0.033116
vt 0.259443 0.033116
vt 0.637421 0.202093
vt 0.895788 0.016121
vt 0.893224 0.016121
vt 0.893224 0.011533
vt 0.895788 0.011533
vt 0.501811 0.040392
vt 0.499247 0.040392
vt 0.499247 0.035804
vt 0.501811 0.035804
vt 0.717408 0.031154
vt 0.717408 0.027488
vt 0.718120 0.027488
vt 0.718120 0.031154
vt 0.648155 0.006414
vt 0.645591 0.006414
vt 0.645591 0.001826
vt 0.648155 0.001826
vt 0.717408 0.012824
vt 0.717408 0.009158
vt 0.718120 0.009158
vt 0.718120 0.012824
vt 0.717408 0.005491
vt 0.717408 0.001825
vt 0.718120 0.001825
vt 0.718120 0.005491
vt 0.717408 0.034820
vt 0.718120 0.034820
vt 0.717408 0.038486
vt 0.718120 0.038486
vt 0.717408 0.023822
vt 0.718120 0.023822
vt 0.717408 0.016490
vt 0.718120 0.016490
vt 0.717408 0.020156
vt 0.718120 0.020156
vt 0.551149 0.202989
vt 0.547662 0.202093
vt 0.551149 0.200961
vt 0.554861 0.205686
vt 0.554635 0.202093
vt 0.556790 0.205059
vt 0.548854 0.210050
vt 0.547662 0.211691
vt 0.545507 0.208725
vt 0.556790 0.208725
vt 0.553443 0.210050
vt 0.554635 0.211691
vt 0.551149 0.212824
vt 0.182766 0.045341
vt 0.179279 0.044208
vt 0.177125 0.041242
vt 0.177125 0.037576
vt 0.179279 0.034610
vt 0.182766 0.033477
vt 0.186253 0.034610
vt 0.188408 0.037576
vt 0.188408 0.041242
vt 0.186253 0.044208
vt 0.144650 0.021694
vt 0.140286 0.020276
vt 0.140286 0.015688
vt 0.144650 0.014270
vt 0.147347 0.017982
vt 0.715178 0.043089
vt 0.715178 0.047677
vt 0.712614 0.047677
vt 0.712614 0.043089
vt 0.893383 0.045244
vt 0.893383 0.040655
vt 0.895947 0.040655
vt 0.895947 0.045244
vt 0.546389 0.001826
vt 0.546389 0.006415
vt 0.543825 0.006415
vt 0.543825 0.001826
vt 0.547436 0.205686
vt 0.545507 0.205059
vt 0.893330 0.035535
vt 0.893330 0.030946
vt 0.895894 0.030946
vt 0.895894 0.035535
vt 0.893276 0.021239
vt 0.895841 0.021239
vt 0.895841 0.025828
vt 0.893276 0.025828
vt 0.771965 0.031154
vt 0.772676 0.031154
vt 0.772676 0.034820
vt 0.771965 0.034820
vt 0.771965 0.012824
vt 0.772676 0.012824
vt 0.772676 0.016490
vt 0.771965 0.016490
vt 0.771965 0.020156
vt 0.772676 0.020156
vt 0.772676 0.023822
vt 0.771965 0.023822
vt 0.771965 0.027488
vt 0.772676 0.027488
vt 0.772676 0.038486
vt 0.771965 0.038486
vt 0.771965 0.009158
vt 0.772676 0.009158
vt 0.771965 0.005491
vt 0.772676 0.005491
vt 0.771965 0.001825
vt 0.772676 0.001825
vt 0.574786 0.028927
vt 0.584241 0.001820
vt 0.603883 0.028927
vt 0.902707 0.030533
vt 0.902707 0.001825
vt 0.932101 0.001825
vt 0.932101 0.030533
vt 0.192799 0.123601
vt 0.212441 0.096494
vt 0.221896 0.123601
vt 0.495607 0.035799
vt 0.495607 0.065193
vt 0.479214 0.065193
vt 0.479214 0.035799
vt 0.297395 0.001815
vt 0.297395 0.057492
vt 0.268001 0.057492
vt 0.268001 0.001815
vt 0.973009 0.880163
vt 0.993954 0.880163
vt 0.998178 0.884388
vt 0.968784 0.884387
vt 0.993955 0.450262
vt 0.973009 0.450262
vt 0.968785 0.446038
vt 0.998179 0.446038
vt 0.672777 0.083447
vt 0.672777 0.062501
vt 0.689128 0.062501
vt 0.689128 0.083447
vt 0.075588 0.170833
vt 0.075588 0.149888
vt 0.091213 0.149888
vt 0.091213 0.170833
vt 0.096540 0.084217
vt 0.075594 0.084515
vt 0.075595 0.062501
vt 0.096540 0.062501
vt 0.932101 0.128047
vt 0.902707 0.128040
vt 0.932101 0.468525
vt 0.902707 0.468525
vt 0.701471 0.433230
vt 0.686073 0.436262
vt 0.686073 0.414546
vt 0.701698 0.414484
vt 0.968784 0.657918
vt 0.973009 0.659518
vt 0.254109 0.215633
vt 0.199841 0.143510
vt 0.596827 0.048874
vt 0.542569 0.120965
vt 0.973009 0.469084
vt 0.993955 0.469009
vt 0.993955 0.477290
vt 0.973009 0.477364
vt 0.998179 0.467156
vt 0.993954 0.659469
vt 0.998179 0.657891
vt 0.533435 0.228751
vt 0.458064 0.442311
vt 0.430041 0.442311
vt 0.409237 0.286257
vt 0.424745 0.289605
vt 0.424861 0.308426
vt 0.409237 0.308271
vt 0.740674 0.227070
vt 0.740674 0.004912
vt 0.755061 0.002189
vt 0.756479 0.222879
vt 0.050999 0.002176
vt 0.071953 0.001844
vt 0.071945 0.224001
vt 0.050999 0.224001
vt 0.410089 0.002209
vt 0.425058 0.005177
vt 0.425058 0.227003
vt 0.409243 0.222853
vt 0.968784 0.649626
vt 0.973009 0.651239
vt 0.968784 0.641334
vt 0.973009 0.642959
vt 0.968784 0.633042
vt 0.973009 0.634679
vt 0.968785 0.624750
vt 0.973009 0.626400
vt 0.968785 0.616458
vt 0.973009 0.618120
vt 0.968785 0.608166
vt 0.973009 0.609840
vt 0.968785 0.599873
vt 0.973009 0.601561
vt 0.968785 0.591581
vt 0.973009 0.593280
vt 0.968785 0.583288
vt 0.973009 0.585001
vt 0.968785 0.574996
vt 0.973009 0.576699
vt 0.968785 0.566704
vt 0.973009 0.568441
vt 0.968785 0.558412
vt 0.973009 0.560161
vt 0.968785 0.550119
vt 0.973009 0.551904
vt 0.968785 0.541827
vt 0.973009 0.543580
vt 0.968785 0.533535
vt 0.973009 0.535322
vt 0.968785 0.525243
vt 0.973009 0.527042
vt 0.968785 0.516950
vt 0.973009 0.518762
vt 0.968785 0.508658
vt 0.973009 0.510483
vt 0.968785 0.500366
vt 0.973009 0.502203
vt 0.968785 0.492074
vt 0.973009 0.493923
vt 0.968785 0.483781
vt 0.973009 0.485643
vt 0.968785 0.475489
vt 0.968785 0.467197
vt 0.101303 0.365011
vt 0.101303 0.349363
vt 0.109412 0.351042
vt 0.109396 0.366644
vt 0.270348 0.491139
vt 0.270348 0.475583
vt 0.278460 0.477246
vt 0.278445 0.492756
vt 0.564508 0.624550
vt 0.564508 0.609085
vt 0.572624 0.610731
vt 0.572608 0.626150
vt 0.576267 0.643863
vt 0.576267 0.628490
vt 0.584386 0.630120
vt 0.584370 0.645447
vt 0.009728 0.672961
vt 0.009696 0.657634
vt 0.017836 0.659284
vt 0.017836 0.674520
vt 0.599830 0.660675
vt 0.599830 0.645485
vt 0.607956 0.647081
vt 0.607940 0.662225
vt 0.611605 0.662994
vt 0.611605 0.647896
vt 0.619734 0.649474
vt 0.619718 0.664527
vt 0.270361 0.510019
vt 0.270361 0.495011
vt 0.278181 0.496673
vt 0.278477 0.511533
vt 0.599826 0.679799
vt 0.599826 0.664883
vt 0.607961 0.666426
vt 0.607945 0.681296
vt 0.976653 0.679706
vt 0.976653 0.664882
vt 0.984792 0.666406
vt 0.984776 0.681186
vt 0.588072 0.696608
vt 0.588072 0.681874
vt 0.596215 0.683381
vt 0.596198 0.698069
vt 0.263235 0.323399
vt 0.366636 0.536985
vt 0.338613 0.536985
vt 0.260479 0.315578
vt 0.257723 0.307757
vt 0.254967 0.299936
vt 0.252210 0.292114
vt 0.249454 0.284293
vt 0.246698 0.276472
vt 0.243941 0.268650
vt 0.241406 0.261455
vt 0.238925 0.254417
vt 0.235673 0.245187
vt 0.232916 0.237365
vt 0.230160 0.229544
vt 0.227404 0.221723
vt 0.224647 0.213901
vt 0.221891 0.206080
vt 0.219135 0.198259
vt 0.216378 0.190437
vt 0.213622 0.182616
vt 0.210866 0.174795
vt 0.208110 0.166973
vt 0.205353 0.159152
vt 0.202597 0.151331
vt 0.993954 0.651188
vt 0.998179 0.649598
vt 0.993954 0.642907
vt 0.998179 0.641306
vt 0.993954 0.634627
vt 0.998179 0.633013
vt 0.993954 0.626346
vt 0.998179 0.624720
vt 0.993954 0.618065
vt 0.998179 0.616427
vt 0.993954 0.609784
vt 0.998179 0.608134
vt 0.993952 0.601216
vt 0.998180 0.599841
vt 0.993955 0.593222
vt 0.998179 0.592212
vt 0.993955 0.584941
vt 0.998179 0.584750
vt 0.993955 0.576661
vt 0.998179 0.574963
vt 0.993955 0.568380
vt 0.998179 0.566670
vt 0.993955 0.560099
vt 0.998179 0.558377
vt 0.993955 0.551818
vt 0.998179 0.550084
vt 0.993955 0.543512
vt 0.998179 0.541791
vt 0.993955 0.535256
vt 0.998179 0.533498
vt 0.993955 0.526975
vt 0.998179 0.525206
vt 0.993955 0.518695
vt 0.998179 0.516913
vt 0.993955 0.510414
vt 0.998179 0.508620
vt 0.993955 0.502133
vt 0.998179 0.500327
vt 0.993955 0.493852
vt 0.998179 0.492034
vt 0.993955 0.485571
vt 0.998179 0.483741
vt 0.998179 0.475448
vt 0.536191 0.220930
vt 0.538947 0.213109
vt 0.541704 0.205289
vt 0.544460 0.197468
vt 0.547216 0.189647
vt 0.549972 0.181827
vt 0.552728 0.174006
vt 0.555484 0.166185
vt 0.558241 0.158364
vt 0.560997 0.150544
vt 0.563753 0.142723
vt 0.566509 0.134902
vt 0.569265 0.127081
vt 0.572022 0.119261
vt 0.574778 0.111440
vt 0.577534 0.103619
vt 0.580290 0.095799
vt 0.583046 0.087978
vt 0.585802 0.080157
vt 0.588558 0.072336
vt 0.591315 0.064516
vt 0.594071 0.056695
vt 0.076476 0.440311
vt 0.076477 0.419363
vt 0.084733 0.419482
vt 0.084733 0.440430
vt 0.759827 0.175723
vt 0.759828 0.154774
vt 0.768084 0.154894
vt 0.768084 0.175843
vt 0.075594 0.197566
vt 0.075595 0.176617
vt 0.083851 0.176737
vt 0.083851 0.197686
vt 0.610052 0.191186
vt 0.610378 0.212134
vt 0.594725 0.212108
vt 0.594725 0.191163
vt 0.067912 0.464591
vt 0.067913 0.443642
vt 0.076168 0.443763
vt 0.076168 0.464713
vt 0.091399 0.123194
vt 0.091189 0.144141
vt 0.075587 0.144152
vt 0.075587 0.123206
vt 0.272144 0.471871
vt 0.272146 0.450921
vt 0.280401 0.451043
vt 0.280401 0.471994
vt 0.514448 0.382920
vt 0.513850 0.403867
vt 0.499162 0.403874
vt 0.499162 0.382928
vt 0.472268 0.435461
vt 0.472269 0.414510
vt 0.480525 0.414634
vt 0.480525 0.435585
vt 0.020892 0.345647
vt 0.020893 0.324695
vt 0.029149 0.324819
vt 0.029149 0.345771
vt 0.976652 0.127180
vt 0.976653 0.106227
vt 0.984908 0.106353
vt 0.984908 0.127305
vt 0.662344 0.204861
vt 0.662345 0.183908
vt 0.670601 0.184035
vt 0.670601 0.204988
vt 0.219282 0.271274
vt 0.219744 0.292221
vt 0.204275 0.292211
vt 0.204275 0.271266
vt 0.001816 0.399059
vt 0.001817 0.378105
vt 0.010072 0.378232
vt 0.010072 0.399186
vt 0.182486 0.217856
vt 0.182159 0.238803
vt 0.166832 0.238812
vt 0.166832 0.217867
vt 0.505408 0.430613
vt 0.505409 0.409658
vt 0.513665 0.409786
vt 0.513665 0.430741
vt 0.621695 0.645351
vt 0.621695 0.630065
vt 0.629821 0.628477
vt 0.629804 0.643789
vt 0.009681 0.645430
vt 0.009681 0.630092
vt 0.017803 0.628484
vt 0.017786 0.643849
vt 0.611545 0.626095
vt 0.611545 0.610704
vt 0.619663 0.609079
vt 0.619646 0.624495
vt 0.009689 0.587335
vt 0.009689 0.571892
vt 0.017804 0.570248
vt 0.017786 0.585718
vt 0.100118 0.504901
vt 0.100118 0.489405
vt 0.108247 0.487717
vt 0.108212 0.503265
vt 0.059363 0.247649
vt 0.059363 0.232100
vt 0.067470 0.230420
vt 0.067453 0.245995
vt 0.508800 0.325417
vt 0.508800 0.309842
vt 0.516940 0.308100
vt 0.516888 0.323754
vt 0.230998 0.310907
vt 0.230998 0.295253
vt 0.239098 0.293537
vt 0.239081 0.309217
vt 0.765390 0.347394
vt 0.765390 0.331688
vt 0.773486 0.329954
vt 0.773469 0.345687
vt 0.498691 0.119299
vt 0.498691 0.103540
vt 0.506784 0.101789
vt 0.506766 0.117574
vt 0.523710 0.046538
vt 0.523710 0.030726
vt 0.531799 0.028957
vt 0.531782 0.044796
vt 0.379243 0.307674
vt 0.378749 0.328621
vt 0.363886 0.328623
vt 0.363800 0.307674
vt 0.738742 0.407207
vt 0.739360 0.428154
vt 0.724100 0.428147
vt 0.724100 0.407201
vt 0.707024 0.115923
vt 0.707254 0.136870
vt 0.691468 0.136858
vt 0.691468 0.115912
vt 0.756105 0.246122
vt 0.756444 0.225174
vt 0.771679 0.225146
vt 0.771679 0.246092
vt 0.772659 0.305250
vt 0.773160 0.326197
vt 0.757743 0.326189
vt 0.757743 0.305243
vt 0.629513 0.137759
vt 0.629264 0.158706
vt 0.613754 0.158716
vt 0.613754 0.137771
vt 0.897677 0.230002
vt 0.898061 0.250949
vt 0.882487 0.250938
vt 0.882487 0.229993
vt 0.424633 0.312531
vt 0.424113 0.333478
vt 0.409242 0.333485
vt 0.409242 0.312539
vt 0.182702 0.162035
vt 0.182970 0.182982
vt 0.167237 0.182970
vt 0.167237 0.162025
vt 0.172913 0.244557
vt 0.172509 0.265504
vt 0.157365 0.265513
vt 0.157365 0.244567
vt 0.889933 0.334379
vt 0.890473 0.355326
vt 0.875109 0.355318
vt 0.875109 0.334372
vt 0.591254 0.176598
vt 0.590966 0.197545
vt 0.575548 0.197555
vt 0.575548 0.176610
vt 0.890219 0.256707
vt 0.890656 0.277654
vt 0.875107 0.277654
vt 0.875120 0.256708
vt 0.890445 0.361076
vt 0.889886 0.382024
vt 0.875107 0.382030
vt 0.875107 0.361085
vt 0.514597 0.074640
vt 0.514426 0.095587
vt 0.498732 0.095599
vt 0.498732 0.074653
vt 0.211497 0.191164
vt 0.211804 0.212111
vt 0.196124 0.212100
vt 0.196124 0.191154
vt 0.427940 0.282505
vt 0.428383 0.261558
vt 0.443436 0.261550
vt 0.443436 0.282495
vt 0.108332 0.370793
vt 0.108911 0.391740
vt 0.093598 0.391732
vt 0.093598 0.370786
vt 0.091233 0.089221
vt 0.091424 0.110169
vt 0.075585 0.110156
vt 0.075585 0.089210
vt 0.649373 0.028927
vt 0.620276 0.028927
vt 0.639918 0.001820
vt 0.935745 0.910736
vt 0.965138 0.910736
vt 0.965138 0.939444
vt 0.935745 0.939444
vt 0.176406 0.123601
vt 0.147308 0.123600
vt 0.156764 0.096494
vt 0.006045 0.544937
vt 0.001821 0.540713
vt 0.031215 0.540713
vt 0.026990 0.544937
vt 0.026991 0.974838
vt 0.031215 0.979062
vt 0.001821 0.979062
vt 0.006045 0.974838
vt 0.277414 0.062501
vt 0.293880 0.062501
vt 0.293880 0.083447
vt 0.277414 0.083447
vt 0.482678 0.170833
vt 0.467053 0.170833
vt 0.467053 0.149888
vt 0.482678 0.149888
vt 0.684377 0.036123
vt 0.684377 0.057839
vt 0.663431 0.057839
vt 0.663431 0.035825
vt 0.965138 0.815019
vt 0.935745 0.815030
vt 0.935744 0.472744
vt 0.965138 0.472744
vt 0.100434 0.398482
vt 0.100661 0.417227
vt 0.085036 0.417165
vt 0.085036 0.395449
vt 0.001820 0.767182
vt 0.006045 0.765582
vt 0.115683 0.213931
vt 0.169364 0.143509
vt 0.627332 0.048874
vt 0.681001 0.119268
vt 0.006045 0.956016
vt 0.006045 0.947736
vt 0.026991 0.947810
vt 0.026991 0.956091
vt 0.031215 0.957944
vt 0.026990 0.765631
vt 0.031215 0.767209
vt 0.794113 0.442311
vt 0.766091 0.442311
vt 0.690722 0.228751
vt 0.877656 0.303155
vt 0.877656 0.281140
vt 0.893280 0.280986
vt 0.893164 0.299807
vt 0.521069 0.276832
vt 0.536666 0.282112
vt 0.535459 0.502804
vt 0.521069 0.500094
vt 0.001818 0.224746
vt 0.001818 0.001815
vt 0.022764 0.001815
vt 0.022771 0.225078
vt 0.462921 0.002208
vt 0.463560 0.222852
vt 0.447950 0.228093
vt 0.447950 0.005162
vt 0.006045 0.773861
vt 0.001820 0.775474
vt 0.006045 0.782141
vt 0.001820 0.783766
vt 0.006045 0.790421
vt 0.001821 0.792058
vt 0.006045 0.798700
vt 0.001821 0.800350
vt 0.006045 0.806980
vt 0.001821 0.808642
vt 0.006045 0.815260
vt 0.001821 0.816934
vt 0.006045 0.823539
vt 0.001821 0.825227
vt 0.006045 0.831820
vt 0.001821 0.833520
vt 0.006045 0.840099
vt 0.001821 0.841812
vt 0.006045 0.848401
vt 0.001821 0.850104
vt 0.006045 0.856659
vt 0.001821 0.858396
vt 0.006045 0.864939
vt 0.001821 0.866688
vt 0.006045 0.873196
vt 0.001821 0.874981
vt 0.006045 0.881498
vt 0.001821 0.883273
vt 0.006045 0.889778
vt 0.001821 0.891565
vt 0.006045 0.898058
vt 0.001821 0.899857
vt 0.006045 0.906337
vt 0.001821 0.908150
vt 0.006045 0.914617
vt 0.001821 0.916442
vt 0.006045 0.922897
vt 0.001821 0.924734
vt 0.006045 0.931177
vt 0.001821 0.933026
vt 0.006045 0.939457
vt 0.001821 0.941319
vt 0.001821 0.949611
vt 0.001821 0.957903
vt 0.299762 0.481513
vt 0.291667 0.483138
vt 0.291667 0.467536
vt 0.299778 0.465865
vt 0.064025 0.491139
vt 0.055927 0.492748
vt 0.055927 0.477237
vt 0.064041 0.475583
vt 0.017785 0.624546
vt 0.009684 0.626139
vt 0.009684 0.610720
vt 0.017801 0.609082
vt 0.670380 0.610630
vt 0.678484 0.609055
vt 0.678484 0.624382
vt 0.670363 0.626003
vt 0.576302 0.659173
vt 0.584409 0.657615
vt 0.584409 0.672850
vt 0.576285 0.674454
vt 0.631223 0.647010
vt 0.639334 0.645469
vt 0.639334 0.660613
vt 0.631207 0.662200
vt 0.674667 0.662992
vt 0.666552 0.664515
vt 0.666552 0.649462
vt 0.674683 0.647893
vt 0.112695 0.707667
vt 0.120811 0.706152
vt 0.120515 0.721012
vt 0.112695 0.722674
vt 0.662860 0.679796
vt 0.654739 0.681284
vt 0.654739 0.666413
vt 0.662877 0.664880
vt 0.584415 0.691836
vt 0.576290 0.693306
vt 0.576290 0.678527
vt 0.584431 0.677011
vt 0.009708 0.707570
vt 0.017836 0.706119
vt 0.017836 0.720807
vt 0.009692 0.722304
vt 0.105967 0.323399
vt 0.030587 0.536985
vt 0.002564 0.536985
vt 0.108723 0.315578
vt 0.111480 0.307757
vt 0.114236 0.299935
vt 0.116992 0.292114
vt 0.119749 0.284293
vt 0.122505 0.276471
vt 0.125262 0.268650
vt 0.127797 0.261454
vt 0.130278 0.254417
vt 0.133531 0.245186
vt 0.136287 0.237365
vt 0.139043 0.229544
vt 0.141800 0.221722
vt 0.144556 0.213901
vt 0.147313 0.206080
vt 0.150069 0.198258
vt 0.152825 0.190437
vt 0.155582 0.182616
vt 0.158338 0.174794
vt 0.161094 0.166973
vt 0.163851 0.159152
vt 0.166607 0.151331
vt 0.031215 0.775502
vt 0.026990 0.773912
vt 0.031215 0.783795
vt 0.026990 0.782193
vt 0.031215 0.792087
vt 0.026990 0.790473
vt 0.031215 0.800380
vt 0.026990 0.798754
vt 0.031215 0.808673
vt 0.026990 0.807035
vt 0.031215 0.816966
vt 0.026990 0.815316
vt 0.031216 0.825259
vt 0.026988 0.823884
vt 0.031215 0.832888
vt 0.026991 0.831878
vt 0.031215 0.840350
vt 0.026991 0.840159
vt 0.031215 0.850137
vt 0.026991 0.848440
vt 0.031215 0.858430
vt 0.026991 0.856720
vt 0.031215 0.866723
vt 0.026991 0.865001
vt 0.031215 0.875016
vt 0.026991 0.873282
vt 0.031215 0.883309
vt 0.026991 0.881563
vt 0.031215 0.891602
vt 0.026991 0.889844
vt 0.031215 0.899894
vt 0.026991 0.898125
vt 0.031215 0.908187
vt 0.026991 0.906406
vt 0.031215 0.916480
vt 0.026991 0.914686
vt 0.031215 0.924773
vt 0.026991 0.922967
vt 0.031215 0.933066
vt 0.026991 0.931248
vt 0.031215 0.941359
vt 0.026991 0.939529
vt 0.031215 0.949651
vt 0.687966 0.220931
vt 0.685210 0.213110
vt 0.682454 0.205289
vt 0.679697 0.197468
vt 0.676941 0.189648
vt 0.674185 0.181827
vt 0.671429 0.174006
vt 0.668673 0.166185
vt 0.665917 0.158365
vt 0.663161 0.150544
vt 0.660405 0.142723
vt 0.657649 0.134903
vt 0.654893 0.127082
vt 0.652136 0.119261
vt 0.649380 0.111440
vt 0.646624 0.103620
vt 0.643868 0.095799
vt 0.641112 0.087978
vt 0.638356 0.080157
vt 0.635600 0.072337
vt 0.632844 0.064516
vt 0.630088 0.056695
vt 0.354668 0.467018
vt 0.346412 0.467136
vt 0.346413 0.446187
vt 0.354668 0.446069
vt 0.379275 0.195142
vt 0.371018 0.195261
vt 0.371020 0.174313
vt 0.379275 0.174194
vt 0.264276 0.022789
vt 0.256019 0.022909
vt 0.256021 0.001960
vt 0.264276 0.001840
vt 0.021144 0.244577
vt 0.036425 0.244567
vt 0.036425 0.265513
vt 0.020798 0.265524
vt 0.287771 0.447590
vt 0.279514 0.447711
vt 0.279515 0.426761
vt 0.287771 0.426640
vt 0.495027 0.117447
vt 0.479215 0.117435
vt 0.479215 0.096489
vt 0.494817 0.096500
vt 0.268505 0.464585
vt 0.260248 0.464707
vt 0.260249 0.443757
vt 0.268505 0.443635
vt 0.802771 0.411168
vt 0.787485 0.411160
vt 0.787485 0.390215
vt 0.802173 0.390221
vt 0.108520 0.464589
vt 0.100263 0.464713
vt 0.100264 0.443762
vt 0.108520 0.443639
vt 0.751300 0.435462
vt 0.743044 0.435586
vt 0.743045 0.414634
vt 0.751300 0.414510
vt 0.767741 0.122325
vt 0.759485 0.122450
vt 0.759486 0.101497
vt 0.767741 0.101373
vt 0.401262 0.411185
vt 0.393005 0.411311
vt 0.393006 0.390357
vt 0.401262 0.390232
vt 0.166480 0.271278
vt 0.181488 0.271270
vt 0.181488 0.292216
vt 0.166018 0.292225
vt 0.986560 0.204855
vt 0.978303 0.204982
vt 0.978305 0.184027
vt 0.986560 0.183901
vt 0.201814 0.238812
vt 0.186161 0.238801
vt 0.186161 0.217856
vt 0.201488 0.217865
vt 0.824037 0.435459
vt 0.815780 0.435587
vt 0.815782 0.414632
vt 0.824037 0.414504
vt 0.609939 0.628485
vt 0.618046 0.630057
vt 0.618046 0.645369
vt 0.609922 0.643771
vt 0.564527 0.628487
vt 0.572630 0.630077
vt 0.572630 0.645442
vt 0.564510 0.643826
vt 0.588042 0.609073
vt 0.596141 0.610682
vt 0.596141 0.626099
vt 0.588024 0.624464
vt 0.258619 0.492564
vt 0.266714 0.494191
vt 0.266714 0.509660
vt 0.258601 0.508007
vt 0.079673 0.487702
vt 0.087767 0.489338
vt 0.087801 0.504886
vt 0.079673 0.503198
vt 0.353232 0.473153
vt 0.361320 0.474816
vt 0.361320 0.490390
vt 0.353215 0.488701
vt 0.079925 0.468291
vt 0.088014 0.469954
vt 0.088048 0.485581
vt 0.079925 0.483866
vt 0.371288 0.334800
vt 0.379369 0.336498
vt 0.379369 0.352178
vt 0.371271 0.350453
vt 0.708382 0.169738
vt 0.716459 0.171454
vt 0.716459 0.187186
vt 0.708365 0.185444
vt 0.652394 0.152751
vt 0.660468 0.154484
vt 0.660468 0.170270
vt 0.652377 0.168510
vt 0.619532 0.060510
vt 0.627602 0.062261
vt 0.627602 0.078099
vt 0.619515 0.076322
vt 0.701525 0.321340
vt 0.686082 0.321340
vt 0.686168 0.300391
vt 0.701031 0.300393
vt 0.705817 0.407203
vt 0.720460 0.407197
vt 0.720460 0.428143
vt 0.705200 0.428150
vt 0.614033 0.111068
vt 0.629589 0.111057
vt 0.629589 0.132003
vt 0.613804 0.132015
vt 0.153698 0.265541
vt 0.138123 0.265512
vt 0.138123 0.244566
vt 0.153359 0.244594
vt 0.686616 0.273694
vt 0.701532 0.273686
vt 0.701532 0.294632
vt 0.686115 0.294641
vt 0.192420 0.156289
vt 0.176660 0.156277
vt 0.176660 0.135331
vt 0.192171 0.135342
vt 0.409655 0.232429
vt 0.424845 0.232420
vt 0.424845 0.253366
vt 0.409271 0.253376
vt 0.017211 0.345623
vt 0.001820 0.345614
vt 0.001820 0.324669
vt 0.016691 0.324676
vt 0.585149 0.149904
vt 0.600614 0.149894
vt 0.600614 0.170840
vt 0.584881 0.170852
vt 0.192130 0.265513
vt 0.176582 0.265503
vt 0.176582 0.244557
vt 0.191726 0.244566
vt 0.502197 0.329525
vt 0.517022 0.329518
vt 0.517022 0.350464
vt 0.501657 0.350472
vt 0.604270 0.164461
vt 0.619976 0.164472
vt 0.619976 0.185418
vt 0.604557 0.185408
vt 0.355310 0.254280
vt 0.370409 0.254281
vt 0.370422 0.275227
vt 0.354873 0.275227
vt 0.258640 0.368358
vt 0.273979 0.368366
vt 0.273979 0.389312
vt 0.259200 0.389305
vt 0.635374 0.105308
vt 0.619509 0.105295
vt 0.619509 0.084349
vt 0.635203 0.084361
vt 0.177105 0.191172
vt 0.192478 0.191162
vt 0.192478 0.212108
vt 0.176798 0.212119
vt 0.036498 0.292215
vt 0.021003 0.292205
vt 0.021003 0.271259
vt 0.036055 0.271268
vt 0.480789 0.390217
vt 0.495522 0.390210
vt 0.495522 0.411156
vt 0.480210 0.411164
vt 0.682330 0.089215
vt 0.697978 0.089204
vt 0.697978 0.110150
vt 0.682139 0.110163
vt 0.507244 0.001815
vt 0.507244 0.031209
vt 0.479222 0.031209
vt 0.479222 0.001815
vt 0.108626 0.001815
vt 0.136649 0.001815
vt 0.136649 0.031209
vt 0.108626 0.031209
vt 0.361056 0.415204
vt 0.390153 0.415204
vt 0.370511 0.442311
vt 0.935750 0.439817
vt 0.965144 0.439817
vt 0.965144 0.468525
vt 0.935750 0.468525
vt 0.176413 0.028931
vt 0.147316 0.028931
vt 0.156771 0.001825
vt 0.125015 0.065193
vt 0.108622 0.065193
vt 0.108622 0.035799
vt 0.125015 0.035799
vt 0.075594 0.001815
vt 0.104988 0.001815
vt 0.104988 0.057492
vt 0.075594 0.057492
vt 0.973009 0.006049
vt 0.968785 0.001825
vt 0.998178 0.001825
vt 0.993954 0.006049
vt 0.993955 0.435950
vt 0.998179 0.440174
vt 0.968785 0.440174
vt 0.973009 0.435950
vt 0.709116 0.083447
vt 0.692765 0.083447
vt 0.692765 0.062501
vt 0.709116 0.062501
vt 0.700817 0.142611
vt 0.716442 0.142611
vt 0.716442 0.163556
vt 0.700817 0.163556
vt 0.688021 0.057515
vt 0.688021 0.035799
vt 0.708966 0.035799
vt 0.708967 0.057814
vt 0.965144 0.355418
vt 0.935750 0.355429
vt 0.935750 0.001825
vt 0.965144 0.001825
vt 0.273995 0.396054
vt 0.274221 0.414800
vt 0.258597 0.414738
vt 0.258597 0.393022
vt 0.968784 0.228294
vt 0.973009 0.226694
vt 0.119427 0.108577
vt 0.169371 0.048840
vt 0.383098 0.395257
vt 0.333164 0.335548
vt 0.973009 0.417129
vt 0.973009 0.408849
vt 0.993955 0.408922
vt 0.993955 0.417203
vt 0.998179 0.419057
vt 0.993954 0.226743
vt 0.998179 0.228321
vt 0.216316 0.001820
vt 0.244339 0.001820
vt 0.319707 0.215380
vt 0.238981 0.269273
vt 0.238981 0.291287
vt 0.223357 0.291441
vt 0.223473 0.272620
vt 0.737024 0.227070
vt 0.721219 0.222879
vt 0.722636 0.002189
vt 0.737024 0.004912
vt 0.348021 0.002176
vt 0.348021 0.224001
vt 0.327075 0.224001
vt 0.327067 0.001844
vt 0.366627 0.002209
vt 0.367474 0.222853
vt 0.351659 0.227003
vt 0.351659 0.005177
vt 0.973009 0.234974
vt 0.968784 0.236586
vt 0.973009 0.243253
vt 0.968784 0.244878
vt 0.973009 0.251533
vt 0.968784 0.253170
vt 0.973009 0.259813
vt 0.968784 0.261462
vt 0.973009 0.268092
vt 0.968785 0.269755
vt 0.973009 0.276372
vt 0.968785 0.278047
vt 0.973009 0.284651
vt 0.968785 0.286339
vt 0.973009 0.292932
vt 0.968785 0.294632
vt 0.973009 0.301212
vt 0.968785 0.302924
vt 0.973009 0.309514
vt 0.968785 0.311216
vt 0.973009 0.317771
vt 0.968785 0.319508
vt 0.973009 0.326051
vt 0.968785 0.327801
vt 0.973009 0.334308
vt 0.968785 0.336093
vt 0.973009 0.342633
vt 0.968785 0.344385
vt 0.973009 0.350890
vt 0.968785 0.352677
vt 0.973009 0.359170
vt 0.968785 0.360970
vt 0.973009 0.367450
vt 0.968785 0.369262
vt 0.973009 0.375730
vt 0.968785 0.377554
vt 0.973009 0.384009
vt 0.968785 0.385846
vt 0.973009 0.392289
vt 0.968785 0.394139
vt 0.973009 0.400569
vt 0.968785 0.402431
vt 0.968785 0.410723
vt 0.968785 0.419015
vt 0.076267 0.483949
vt 0.068172 0.485574
vt 0.068172 0.469972
vt 0.076282 0.468301
vt 0.009924 0.488711
vt 0.001826 0.490320
vt 0.001826 0.474810
vt 0.009940 0.473155
vt 0.017788 0.605126
vt 0.009687 0.606718
vt 0.009687 0.591299
vt 0.017804 0.589662
vt 0.654963 0.624455
vt 0.646858 0.626031
vt 0.646858 0.610703
vt 0.654979 0.609082
vt 0.676430 0.643832
vt 0.668322 0.645391
vt 0.668322 0.630155
vt 0.676462 0.628505
vt 0.662904 0.660662
vt 0.654793 0.662203
vt 0.654793 0.647059
vt 0.662921 0.645472
vt 0.017799 0.696979
vt 0.009685 0.698503
vt 0.009685 0.683450
vt 0.017815 0.681880
vt 0.128653 0.035264
vt 0.136769 0.033749
vt 0.136473 0.048609
vt 0.128653 0.050271
vt 0.564531 0.683345
vt 0.572652 0.681857
vt 0.572652 0.696727
vt 0.564515 0.698261
vt 0.666519 0.668771
vt 0.674643 0.667301
vt 0.674643 0.682080
vt 0.666502 0.683595
vt 0.608058 0.699029
vt 0.599930 0.700481
vt 0.599930 0.685792
vt 0.608074 0.684295
vt 0.105974 0.228730
vt 0.030594 0.442316
vt 0.002571 0.442315
vt 0.108731 0.220909
vt 0.111487 0.213087
vt 0.114244 0.205266
vt 0.117000 0.197445
vt 0.119756 0.189623
vt 0.122513 0.181802
vt 0.125269 0.173981
vt 0.127805 0.166785
vt 0.130285 0.159747
vt 0.133538 0.150517
vt 0.136295 0.142696
vt 0.139051 0.134874
vt 0.141807 0.127053
vt 0.144564 0.119232
vt 0.147320 0.111410
vt 0.150076 0.103589
vt 0.152833 0.095768
vt 0.155589 0.087946
vt 0.158345 0.080125
vt 0.161102 0.072304
vt 0.163858 0.064483
vt 0.166615 0.056661
vt 0.998179 0.236614
vt 0.993954 0.235024
vt 0.998179 0.244907
vt 0.993954 0.243305
vt 0.998179 0.253199
vt 0.993954 0.251586
vt 0.998179 0.261492
vt 0.993954 0.259866
vt 0.998179 0.269785
vt 0.993954 0.268147
vt 0.998179 0.278078
vt 0.993954 0.276428
vt 0.998180 0.286371
vt 0.993952 0.284996
vt 0.998179 0.294000
vt 0.993955 0.292990
vt 0.998179 0.301463
vt 0.993955 0.301271
vt 0.998179 0.311250
vt 0.993955 0.309552
vt 0.998179 0.319542
vt 0.993955 0.317833
vt 0.998179 0.327835
vt 0.993955 0.326113
vt 0.998179 0.336128
vt 0.993955 0.334394
vt 0.998179 0.344421
vt 0.993955 0.342700
vt 0.998179 0.352714
vt 0.993955 0.350956
vt 0.998179 0.361007
vt 0.993955 0.359237
vt 0.998179 0.369300
vt 0.993955 0.367518
vt 0.998179 0.377592
vt 0.993955 0.375799
vt 0.998179 0.385885
vt 0.993955 0.384080
vt 0.998179 0.394178
vt 0.993955 0.392360
vt 0.998179 0.402471
vt 0.993955 0.400641
vt 0.998179 0.410764
vt 0.322464 0.223201
vt 0.325220 0.231021
vt 0.327976 0.238842
vt 0.330732 0.246663
vt 0.333488 0.254483
vt 0.336244 0.262304
vt 0.339000 0.270125
vt 0.341756 0.277946
vt 0.344512 0.285766
vt 0.347268 0.293587
vt 0.350024 0.301408
vt 0.352781 0.309229
vt 0.355537 0.317049
vt 0.358293 0.324870
vt 0.361049 0.332691
vt 0.363805 0.340512
vt 0.366561 0.348332
vt 0.369317 0.356153
vt 0.372073 0.363974
vt 0.374829 0.371795
vt 0.377585 0.379615
vt 0.380341 0.387436
vt 0.094051 0.419481
vt 0.102308 0.419363
vt 0.102307 0.440311
vt 0.094051 0.440429
vt 0.528784 0.251990
vt 0.537040 0.251871
vt 0.537039 0.272820
vt 0.528784 0.272939
vt 0.979411 0.082065
vt 0.987668 0.081945
vt 0.987667 0.102894
vt 0.979411 0.103014
vt 0.162868 0.236384
vt 0.147541 0.236408
vt 0.147541 0.215462
vt 0.163194 0.215437
vt 0.258599 0.419486
vt 0.266856 0.419364
vt 0.266855 0.440314
vt 0.258599 0.440435
vt 0.479239 0.123194
vt 0.495051 0.123206
vt 0.495051 0.144152
vt 0.479449 0.144141
vt 0.358307 0.446185
vt 0.366563 0.446063
vt 0.366562 0.467013
vt 0.358307 0.467135
vt 0.724130 0.380493
vt 0.739416 0.380501
vt 0.739416 0.401446
vt 0.724728 0.401440
vt 0.291405 0.441335
vt 0.299662 0.441212
vt 0.299660 0.462163
vt 0.291405 0.462286
vt 0.040174 0.271417
vt 0.048430 0.271293
vt 0.048429 0.292244
vt 0.040174 0.292368
vt 0.761479 0.179175
vt 0.769736 0.179050
vt 0.769735 0.200003
vt 0.761479 0.200127
vt 0.287120 0.086938
vt 0.295377 0.086812
vt 0.295375 0.107765
vt 0.287120 0.107891
vt 0.162367 0.292217
vt 0.147360 0.292225
vt 0.147360 0.271279
vt 0.162830 0.271270
vt 0.370917 0.147616
vt 0.379173 0.147489
vt 0.379172 0.168444
vt 0.370917 0.168570
vt 0.205135 0.217856
vt 0.220789 0.217867
vt 0.220789 0.238813
vt 0.205462 0.238803
vt 0.277861 0.402499
vt 0.286117 0.402371
vt 0.286116 0.423326
vt 0.277861 0.423454
vt 0.596143 0.645375
vt 0.588037 0.643803
vt 0.588037 0.628491
vt 0.596161 0.630089
vt 0.643191 0.626022
vt 0.635088 0.624431
vt 0.635088 0.609067
vt 0.643208 0.610683
vt 0.584378 0.626105
vt 0.576279 0.624496
vt 0.576279 0.609079
vt 0.584396 0.610714
vt 0.313691 0.509666
vt 0.305595 0.508039
vt 0.305595 0.492570
vt 0.313709 0.494223
vt 0.301955 0.507336
vt 0.293861 0.505700
vt 0.293826 0.490152
vt 0.301955 0.491841
vt 0.311502 0.487968
vt 0.303414 0.486306
vt 0.303414 0.470731
vt 0.311519 0.472420
vt 0.266743 0.361828
vt 0.258655 0.360165
vt 0.258603 0.344511
vt 0.266743 0.346253
vt 0.713174 0.320627
vt 0.705094 0.318928
vt 0.705094 0.303248
vt 0.713192 0.304973
vt 0.323172 0.192051
vt 0.315094 0.190335
vt 0.315094 0.174602
vt 0.323189 0.176344
vt 0.103143 0.141154
vt 0.095069 0.139421
vt 0.095069 0.123635
vt 0.103160 0.125395
vt 0.173604 0.090242
vt 0.165534 0.088491
vt 0.165534 0.072652
vt 0.173620 0.074430
vt 0.021085 0.297964
vt 0.036528 0.297964
vt 0.036442 0.318913
vt 0.021578 0.318911
vt 0.811475 0.437858
vt 0.796832 0.437864
vt 0.796832 0.416918
vt 0.812092 0.416911
vt 0.610030 0.144141
vt 0.594473 0.144152
vt 0.594473 0.123206
vt 0.610259 0.123194
vt 0.336133 0.230003
vt 0.351707 0.230033
vt 0.351707 0.250979
vt 0.336471 0.250951
vt 0.763322 0.299488
vt 0.748406 0.299496
vt 0.748406 0.278550
vt 0.763823 0.278541
vt 0.307124 0.147468
vt 0.322883 0.147480
vt 0.322883 0.168426
vt 0.307373 0.168416
vt 0.443682 0.255794
vt 0.428492 0.255803
vt 0.428492 0.234857
vt 0.444067 0.234847
vt 0.686118 0.327096
vt 0.701509 0.327104
vt 0.701509 0.348050
vt 0.686638 0.348043
vt 0.648489 0.170843
vt 0.633025 0.170853
vt 0.633025 0.149907
vt 0.648758 0.149895
vt 0.215066 0.244557
vt 0.230614 0.244567
vt 0.230614 0.265513
vt 0.215470 0.265505
vt 0.016642 0.372317
vt 0.001817 0.372324
vt 0.001817 0.351378
vt 0.017181 0.351370
vt 0.556203 0.176598
vt 0.571909 0.176610
vt 0.571909 0.197555
vt 0.556491 0.197545
vt 0.424355 0.280068
vt 0.409257 0.280067
vt 0.409244 0.259121
vt 0.424792 0.259121
vt 0.705173 0.353794
vt 0.720511 0.353802
vt 0.720511 0.374748
vt 0.705732 0.374741
vt 0.479230 0.069785
vt 0.495095 0.069798
vt 0.495095 0.090744
vt 0.479402 0.090732
vt 0.173194 0.209682
vt 0.157821 0.209692
vt 0.157821 0.188746
vt 0.173501 0.188735
vt 0.001865 0.271259
vt 0.017360 0.271269
vt 0.017360 0.292215
vt 0.002307 0.292207
vt 0.700811 0.401443
vt 0.686077 0.401450
vt 0.686077 0.380504
vt 0.701390 0.380496
vt 0.717272 0.110152
vt 0.701624 0.110163
vt 0.701624 0.089217
vt 0.717462 0.089204
vt 0.435643 0.415205
vt 0.426188 0.442311
vt 0.406546 0.415204
vt 0.902713 0.501452
vt 0.902713 0.472744
vt 0.932107 0.472744
vt 0.932107 0.501452
vt 0.192806 0.028931
vt 0.212448 0.001825
vt 0.221903 0.028931
vt 0.334156 0.974838
vt 0.355102 0.974838
vt 0.359326 0.979062
vt 0.329932 0.979062
vt 0.355103 0.544937
vt 0.334157 0.544937
vt 0.329933 0.540713
vt 0.359327 0.540713
vt 0.523711 0.022761
vt 0.523711 0.001815
vt 0.540178 0.001815
vt 0.540178 0.022761
vt 0.581222 0.149888
vt 0.581222 0.170833
vt 0.565597 0.170833
vt 0.565597 0.149888
vt 0.173247 0.048260
vt 0.194193 0.047962
vt 0.194193 0.069976
vt 0.173247 0.069976
vt 0.932107 0.580612
vt 0.902713 0.580601
vt 0.902713 0.580810
vt 0.932107 0.580821
vt 0.932107 0.939444
vt 0.902713 0.939444
vt 0.501526 0.433230
vt 0.486128 0.436262
vt 0.486128 0.414546
vt 0.501753 0.414484
vt 0.329932 0.752593
vt 0.334157 0.754193
vt 0.248061 0.103633
vt 0.199848 0.048840
vt 0.413602 0.395257
vt 0.461805 0.340493
vt 0.334157 0.563758
vt 0.355103 0.563684
vt 0.355103 0.571965
vt 0.334157 0.572038
vt 0.359327 0.561830
vt 0.355102 0.754143
vt 0.359326 0.752566
vt 0.461874 0.340296
vt 0.476994 0.215380
vt 0.552365 0.001820
vt 0.580388 0.001820
vt 0.017454 0.320147
vt 0.001946 0.316799
vt 0.001830 0.297978
vt 0.017454 0.298132
vt 0.875108 0.228160
vt 0.875108 0.004897
vt 0.889498 0.002188
vt 0.890705 0.222879
vt 0.026406 0.002176
vt 0.047360 0.001844
vt 0.047352 0.225106
vt 0.026406 0.225106
vt 0.443671 0.228419
vt 0.428699 0.225465
vt 0.428699 0.002534
vt 0.444309 0.007775
vt 0.329932 0.744301
vt 0.334157 0.745913
vt 0.329932 0.736009
vt 0.334157 0.737633
vt 0.329932 0.727716
vt 0.334157 0.729354
vt 0.329932 0.719424
vt 0.334157 0.721074
vt 0.329932 0.711132
vt 0.334157 0.712795
vt 0.329932 0.702840
vt 0.334157 0.704515
vt 0.329932 0.694548
vt 0.334157 0.696235
vt 0.329932 0.686255
vt 0.334157 0.687955
vt 0.329933 0.677963
vt 0.334157 0.679675
vt 0.329933 0.669671
vt 0.334157 0.671373
vt 0.329933 0.661378
vt 0.334157 0.663116
vt 0.329933 0.653086
vt 0.334157 0.654836
vt 0.329933 0.644794
vt 0.334157 0.646578
vt 0.329933 0.636502
vt 0.334157 0.638276
vt 0.329933 0.628209
vt 0.334157 0.629996
vt 0.329933 0.619917
vt 0.334157 0.621717
vt 0.329933 0.611625
vt 0.334157 0.613437
vt 0.329933 0.603333
vt 0.334157 0.605157
vt 0.329933 0.595040
vt 0.334157 0.596877
vt 0.329933 0.586748
vt 0.334157 0.588598
vt 0.329933 0.578456
vt 0.334157 0.580318
vt 0.329933 0.570164
vt 0.329933 0.561871
vt 0.732267 0.360682
vt 0.732267 0.376330
vt 0.724158 0.374651
vt 0.724174 0.359049
vt 0.290184 0.486900
vt 0.290184 0.502456
vt 0.282072 0.500794
vt 0.282088 0.485283
vt 0.058030 0.496584
vt 0.058030 0.512049
vt 0.049915 0.510402
vt 0.049931 0.494984
vt 0.666724 0.610643
vt 0.666724 0.626016
vt 0.658605 0.624387
vt 0.658621 0.609059
vt 0.572634 0.659184
vt 0.572634 0.674465
vt 0.564512 0.672853
vt 0.564528 0.657617
vt 0.596182 0.659160
vt 0.596182 0.674350
vt 0.588057 0.672754
vt 0.588073 0.657610
vt 0.651098 0.649422
vt 0.651098 0.664520
vt 0.642969 0.662942
vt 0.642985 0.647889
vt 0.351177 0.258593
vt 0.351177 0.273601
vt 0.343357 0.271939
vt 0.343061 0.257078
vt 0.631485 0.666368
vt 0.631485 0.681284
vt 0.623349 0.679741
vt 0.623366 0.664871
vt 0.643270 0.668775
vt 0.643270 0.683600
vt 0.635130 0.682076
vt 0.635147 0.667296
vt 0.619855 0.683308
vt 0.619855 0.698042
vt 0.611712 0.696535
vt 0.611729 0.681847
vt 0.263243 0.228730
vt 0.248130 0.103830
vt 0.366644 0.442316
vt 0.338621 0.442315
vt 0.260487 0.220909
vt 0.257730 0.213087
vt 0.254974 0.205266
vt 0.252218 0.197445
vt 0.249462 0.189624
vt 0.246705 0.181802
vt 0.243949 0.173981
vt 0.241413 0.166785
vt 0.238933 0.159748
vt 0.235680 0.150517
vt 0.232924 0.142696
vt 0.230167 0.134875
vt 0.227411 0.127053
vt 0.224655 0.119232
vt 0.221898 0.111411
vt 0.219142 0.103589
vt 0.216386 0.095768
vt 0.213630 0.087947
vt 0.210873 0.080125
vt 0.208117 0.072304
vt 0.205361 0.064483
vt 0.202604 0.056662
vt 0.355102 0.745863
vt 0.359326 0.744273
vt 0.355102 0.737582
vt 0.359326 0.735980
vt 0.355102 0.729301
vt 0.359326 0.727687
vt 0.355102 0.721020
vt 0.359326 0.719395
vt 0.355102 0.712740
vt 0.359326 0.711102
vt 0.355102 0.704459
vt 0.359326 0.702808
vt 0.355100 0.695890
vt 0.359327 0.694516
vt 0.355103 0.687897
vt 0.359327 0.686886
vt 0.355103 0.679616
vt 0.359327 0.679424
vt 0.355103 0.671335
vt 0.359327 0.669637
vt 0.355103 0.663054
vt 0.359327 0.661344
vt 0.355103 0.654773
vt 0.359327 0.653052
vt 0.355103 0.646492
vt 0.359327 0.644759
vt 0.355103 0.638212
vt 0.359327 0.636466
vt 0.355103 0.629931
vt 0.359327 0.628173
vt 0.355103 0.621650
vt 0.359327 0.619880
vt 0.355103 0.613369
vt 0.359327 0.611587
vt 0.355103 0.605088
vt 0.359327 0.603294
vt 0.355103 0.596807
vt 0.359327 0.595002
vt 0.355103 0.588526
vt 0.359327 0.586709
vt 0.355103 0.580246
vt 0.359327 0.578416
vt 0.359327 0.570123
vt 0.474238 0.223201
vt 0.471482 0.231022
vt 0.468726 0.238842
vt 0.465969 0.246663
vt 0.463213 0.254484
vt 0.460457 0.262305
vt 0.457701 0.270125
vt 0.454945 0.277946
vt 0.452188 0.285767
vt 0.449432 0.293588
vt 0.446676 0.301408
vt 0.443920 0.309229
vt 0.441164 0.317050
vt 0.438408 0.324870
vt 0.435651 0.332691
vt 0.432895 0.340512
vt 0.430139 0.348333
vt 0.427383 0.356153
vt 0.424627 0.363974
vt 0.421871 0.371795
vt 0.419114 0.379615
vt 0.416358 0.387436
vt 0.379377 0.201014
vt 0.379375 0.221962
vt 0.371120 0.221844
vt 0.371120 0.200895
vt 0.456243 0.232564
vt 0.456242 0.253513
vt 0.447987 0.253393
vt 0.447987 0.232445
vt 0.984909 0.159745
vt 0.984908 0.180694
vt 0.976653 0.180574
vt 0.976653 0.159625
vt 0.040442 0.265515
vt 0.040096 0.244568
vt 0.055723 0.244578
vt 0.055723 0.265524
vt 0.021969 0.446184
vt 0.021968 0.467134
vt 0.013713 0.467012
vt 0.013713 0.446063
vt 0.110900 0.096492
vt 0.110690 0.117440
vt 0.095088 0.117451
vt 0.095088 0.096505
vt 0.010078 0.446189
vt 0.010077 0.467139
vt 0.001821 0.467017
vt 0.001821 0.446066
vt 0.821738 0.390202
vt 0.821140 0.411149
vt 0.806452 0.411155
vt 0.806452 0.390210
vt 0.096623 0.443763
vt 0.096622 0.464714
vt 0.088367 0.464591
vt 0.088367 0.443639
vt 0.436758 0.288408
vt 0.436757 0.309360
vt 0.428502 0.309236
vt 0.428502 0.288284
vt 0.475391 0.176748
vt 0.475389 0.197700
vt 0.467134 0.197575
vt 0.467134 0.176623
vt 0.767913 0.128197
vt 0.767911 0.149150
vt 0.759656 0.149024
vt 0.759656 0.128070
vt 0.185628 0.292214
vt 0.185166 0.271266
vt 0.200636 0.271276
vt 0.200636 0.292221
vt 0.417493 0.339382
vt 0.417492 0.360336
vt 0.409236 0.360209
vt 0.409236 0.339255
vt 0.017471 0.244557
vt 0.017145 0.265504
vt 0.001817 0.265514
vt 0.001817 0.244568
vt 0.984910 0.133052
vt 0.984908 0.154007
vt 0.976653 0.153879
vt 0.976653 0.132923
vt 0.645191 0.645362
vt 0.645191 0.630076
vt 0.653316 0.628488
vt 0.653299 0.643800
vt 0.623309 0.626022
vt 0.623309 0.610683
vt 0.631432 0.609076
vt 0.631414 0.624441
vt 0.599783 0.626089
vt 0.599783 0.610698
vt 0.607902 0.609073
vt 0.607885 0.624490
vt 0.009685 0.567916
vt 0.009685 0.552473
vt 0.017800 0.550829
vt 0.017783 0.566298
vt 0.067893 0.504909
vt 0.067893 0.489413
vt 0.076021 0.487725
vt 0.075987 0.503273
vt 0.258603 0.487963
vt 0.258603 0.472415
vt 0.266710 0.470735
vt 0.266693 0.486309
vt 0.100506 0.485596
vt 0.100506 0.470022
vt 0.108629 0.468306
vt 0.108595 0.483933
vt 0.761746 0.221089
vt 0.761746 0.205436
vt 0.769846 0.203720
vt 0.769828 0.219400
vt 0.694176 0.252271
vt 0.694176 0.267977
vt 0.686080 0.269711
vt 0.686097 0.253978
vt 0.186203 0.090162
vt 0.186203 0.074403
vt 0.194295 0.072651
vt 0.194278 0.088437
vt 0.594169 0.082962
vt 0.594169 0.067150
vt 0.602257 0.065381
vt 0.602240 0.081220
vt 0.875141 0.328620
vt 0.875634 0.307673
vt 0.890497 0.307671
vt 0.890584 0.328620
vt 0.759826 0.095594
vt 0.759209 0.074647
vt 0.774469 0.074655
vt 0.774469 0.095600
vt 0.575270 0.144138
vt 0.575041 0.123191
vt 0.590826 0.123203
vt 0.590826 0.144149
vt 0.377234 0.227568
vt 0.376895 0.248516
vt 0.361660 0.248544
vt 0.361660 0.227598
vt 0.354443 0.301926
vt 0.353942 0.280979
vt 0.369359 0.280988
vt 0.369359 0.301933
vt 0.648998 0.123194
vt 0.648749 0.144141
vt 0.633239 0.144152
vt 0.633239 0.123206
vt 0.732233 0.253375
vt 0.731849 0.232428
vt 0.747423 0.232438
vt 0.747423 0.253384
vt 0.720535 0.327096
vt 0.720015 0.348043
vt 0.705144 0.348050
vt 0.705144 0.327104
vt 0.186639 0.185401
vt 0.186371 0.164454
vt 0.202104 0.164466
vt 0.202104 0.185412
vt 0.211352 0.244557
vt 0.210948 0.265504
vt 0.195804 0.265513
vt 0.195804 0.244567
vt 0.686661 0.374744
vt 0.686121 0.353797
vt 0.701485 0.353805
vt 0.701485 0.374751
vt 0.639326 0.176591
vt 0.639039 0.197538
vt 0.623620 0.197549
vt 0.623620 0.176603
vt 0.751548 0.272787
vt 0.751111 0.251840
vt 0.766659 0.251840
vt 0.766646 0.272785
vt 0.492216 0.377176
vt 0.492775 0.356228
vt 0.507555 0.356222
vt 0.507555 0.377167
vt 0.116048 0.069785
vt 0.115877 0.090732
vt 0.100183 0.090744
vt 0.100183 0.069798
vt 0.643330 0.197545
vt 0.643023 0.176598
vt 0.658703 0.176609
vt 0.658703 0.197555
vt 0.128225 0.292214
vt 0.128668 0.271267
vt 0.143721 0.271259
vt 0.143721 0.292204
vt 0.705706 0.401445
vt 0.705127 0.380498
vt 0.720440 0.380506
vt 0.720440 0.401451
vt 0.587210 0.110157
vt 0.587019 0.089210
vt 0.602858 0.089223
vt 0.602858 0.110169
vt 0.713768 0.031209
vt 0.685745 0.031209
vt 0.685745 0.001815
vt 0.713768 0.001815
vt 0.654087 0.031209
vt 0.654087 0.001815
vt 0.682109 0.001815
vt 0.682109 0.031209
vt 0.301040 0.143492
vt 0.301040 0.001823
vt 0.309647 0.001823
vt 0.309647 0.143492
vt 0.370203 0.446038
vt 0.511873 0.446038
vt 0.511873 0.829758
vt 0.370204 0.829758
vt 0.313284 0.143485
vt 0.313284 0.001815
vt 0.321891 0.001815
vt 0.321891 0.143485
vt 0.682436 0.604013
vt 0.540766 0.604013
vt 0.540766 0.220293
vt 0.682436 0.220293
vt 0.548625 0.608672
vt 0.548625 0.992392
vt 0.540018 0.992392
vt 0.540018 0.608672
vt 0.515517 0.890449
vt 0.515517 0.506729
vt 0.524124 0.506729
vt 0.524124 0.890449
vt 0.370805 0.001815
vt 0.379412 0.001815
vt 0.379412 0.143485
vt 0.370805 0.143485
vt 0.827742 0.446038
vt 0.827742 0.829758
vt 0.686072 0.829758
vt 0.686072 0.446038
vt 0.466971 0.001815
vt 0.475578 0.001815
vt 0.475578 0.143485
vt 0.466971 0.143485
vt 0.113289 0.698682
vt 0.113289 0.314962
vt 0.254959 0.314962
vt 0.254959 0.698682
vt 0.552264 0.608670
vt 0.560871 0.608670
vt 0.560871 0.992390
vt 0.552264 0.992390
vt 0.536379 0.892876
vt 0.527772 0.892876
vt 0.527772 0.509155
vt 0.536379 0.509155
vt 0.615870 0.033372
vt 0.615871 0.101064
vt 0.606692 0.101064
vt 0.606692 0.033372
vt 0.778138 0.001822
vt 0.845830 0.001822
vt 0.845830 0.385543
vt 0.778138 0.385543
vt 0.985832 0.011525
vt 0.985832 0.079217
vt 0.976653 0.079217
vt 0.976653 0.011525
vt 0.326288 0.900156
vt 0.258595 0.900156
vt 0.258595 0.516435
vt 0.326288 0.516435
vt 0.405595 0.001825
vt 0.405595 0.385546
vt 0.396416 0.385546
vt 0.396416 0.001825
vt 0.862282 0.385546
vt 0.862282 0.001825
vt 0.871461 0.001825
vt 0.871461 0.385546
vt 0.510887 0.001815
vt 0.520066 0.001815
vt 0.520066 0.069508
vt 0.510887 0.069508
vt 0.109057 0.518863
vt 0.109057 0.902583
vt 0.041365 0.902583
vt 0.041365 0.518863
vt 0.768326 0.069508
vt 0.759147 0.069508
vt 0.759147 0.001815
vt 0.768326 0.001815
vt 0.831376 0.773930
vt 0.831376 0.390210
vt 0.899069 0.390210
vt 0.899069 0.773930
vt 0.383598 0.001825
vt 0.392777 0.001825
vt 0.392777 0.385545
vt 0.383598 0.385545
vt 0.858645 0.385546
vt 0.849466 0.385546
vt 0.849466 0.001825
vt 0.858645 0.001825
s 1
usemtl barricade
f 8/1/1 13/2/1 14/3/1
f 6/4/1 15/5/1 16/6/1
f 2/7/1 10/8/1 12/9/1 19/10/1
f 6/4/1 4/11/1 18/12/1 15/5/1
f 4/11/1 2/7/1 20/13/1 17/14/1
f 29/15/2 30/16/2 21/17/2 22/18/2 23/19/2 24/20/2 25/21/2 26/22/2 27/23/2 28/24/2
f 1/25/1 3/26/1 5/27/1 7/28/1 9/29/1
f 7/30/3 8/31/3 10/32/3 9/33/3
f 8/1/1 6/4/1 16/6/1 13/2/1
f 5/34/4 6/35/4 8/36/4 7/37/4
f 10/8/1 8/1/1 14/3/1 11/38/1
f 3/39/5 4/40/5 6/41/5 5/42/5
f 4/11/1 17/14/1 18/12/1
f 1/43/6 2/44/6 4/45/6 3/46/6
f 2/7/1 19/10/1 20/13/1
f 11/47/7 14/48/3 24/49/3 23/50/7
f 10/8/1 11/38/1 12/9/1
f 9/51/8 10/52/8 2/53/8 1/54/8
f 18/55/5 17/56/9 29/57/9 28/58/5
f 20/59/6 19/60/10 21/61/10 30/62/6
f 12/63/8 11/47/7 23/50/7 22/64/8
f 17/56/9 20/59/6 30/62/6 29/57/9
f 19/65/10 12/63/8 22/64/8 21/66/10
f 14/48/3 13/67/11 25/68/11 24/49/3
f 15/69/12 18/55/5 28/58/5 27/70/12
f 16/71/4 15/69/12 27/70/12 26/72/4
f 13/67/11 16/71/4 26/72/4 25/68/11
f 38/73/2 44/74/2 43/75/2
f 36/76/2 46/77/2 45/78/2
f 32/79/2 49/80/2 42/81/2
f 36/76/2 45/78/2 48/82/2
f 34/83/2 47/84/2 50/85/2
f 59/86/1 58/87/1 57/88/1 56/89/1 55/90/1 54/91/1 53/92/1 52/93/1 51/94/1 60/95/1
f 31/96/2 39/97/2 37/98/2 35/99/2 33/100/2
f 39/101/8 31/102/8 32/103/8 40/104/8
f 37/105/3 39/106/3 40/107/3 38/108/3
f 38/73/2 43/75/2 46/77/2 36/76/2
f 35/109/4 37/110/4 38/111/4 36/112/4
f 40/113/2 41/114/2 44/74/2 38/73/2
f 36/76/2 48/82/2 47/84/2 34/83/2
f 33/115/5 35/116/5 36/117/5 34/118/5
f 34/83/2 50/85/2 49/80/2 32/79/2
f 32/119/6 31/120/6 33/121/6 34/122/6
f 41/123/7 53/124/7 54/125/3 44/126/3
f 32/79/2 42/81/2 41/114/2 40/113/2
f 48/127/5 58/128/5 59/129/9 47/130/9
f 50/131/6 60/132/6 51/133/10 49/134/10
f 42/135/8 52/136/8 53/124/7 41/123/7
f 47/130/9 59/129/9 60/132/6 50/131/6
f 49/134/10 51/133/10 52/136/8 42/135/8
f 44/126/3 54/125/3 55/137/11 43/138/11
f 45/139/12 57/140/12 58/128/5 48/127/5
f 46/141/4 56/142/4 57/140/12 45/139/12
f 43/143/11 55/144/11 56/142/4 46/141/4
f 68/145/2 66/146/2 71/147/2
f 67/148/13 65/149/14 66/150/14 68/151/13
f 72/152/1 65/153/1 67/154/1
f 72/155/15 71/156/15 235/157/15 236/158/15
f 65/159/16 229/160/16 230/161/16 66/162/16
f 73/163/17 74/164/18 61/165/18 63/166/17
f 70/167/19 69/168/20 71/169/20 72/170/19
f 74/171/21 73/172/21 76/173/21 75/174/21
f 69/175/22 70/176/22 78/177/22 77/178/22
f 145/179/23 193/180/23 77/181/23 78/182/23
f 219/183/24 194/184/24 67/148/13 68/151/13
f 194/184/24 219/183/24 64/185/25 62/186/25
f 79/187/2 145/188/2 78/189/2 70/190/2
f 195/191/26 121/192/27 73/163/17 63/166/17
f 194/193/1 169/194/1 72/152/1 67/154/1
f 218/195/2 219/196/2 68/145/2 71/147/2
f 101/197/28 79/198/28 80/199/29 102/200/30
f 169/201/31 79/198/28 70/167/19 72/170/19
f 100/202/32 146/203/33 61/165/18 74/164/18
f 219/196/2 195/204/2 63/205/2 64/206/2
f 193/207/1 101/208/1 69/209/1 77/210/1
f 75/211/2 122/212/2 100/213/2 74/214/2
f 170/215/34 122/216/34 75/217/34 76/218/34
f 121/219/1 170/220/1 76/221/1 73/222/1
f 121/192/27 195/191/26 196/223/35 120/224/36
f 120/224/36 196/223/35 197/225/37 119/226/38
f 119/226/38 197/225/37 198/227/39 118/228/40
f 118/228/40 198/227/39 199/229/41 117/230/42
f 117/230/42 199/229/41 200/231/43 116/232/44
f 116/232/44 200/231/43 201/233/45 115/234/46
f 115/234/46 201/233/45 202/235/47 114/236/48
f 114/236/48 202/235/47 203/237/49 113/238/50
f 113/238/50 203/237/49 204/239/51 112/240/52
f 112/240/52 204/239/51 205/241/53 224/242/54
f 224/242/54 205/241/53 206/243/55 111/244/56
f 111/244/56 206/243/55 207/245/57 110/246/58
f 110/246/58 207/245/57 208/247/59 223/248/60
f 223/248/60 208/247/59 209/249/61 222/250/62
f 222/250/62 209/249/61 210/251/63 109/252/64
f 109/252/64 210/251/63 211/253/65 108/254/66
f 108/254/66 211/253/65 212/255/67 107/256/68
f 107/256/68 212/255/67 213/257/69 106/258/70
f 106/258/70 213/257/69 214/259/71 105/260/72
f 105/260/72 214/259/71 215/261/73 104/262/74
f 104/262/74 215/261/73 216/263/75 103/264/76
f 103/264/76 216/263/75 217/265/77 102/200/30
f 102/200/30 217/265/77 218/266/78 101/197/28
f 144/267/2 80/268/2 81/269/2 143/270/2
f 142/271/2 82/272/2 83/273/2 141/274/2
f 140/275/2 84/276/2 85/277/2 139/278/2
f 138/279/2 86/280/2 87/281/2 137/282/2
f 136/283/2 220/284/2 88/285/2 135/286/2
f 134/287/2 89/288/2 90/289/2 133/290/2
f 132/291/2 91/292/2 92/293/2 131/294/2
f 130/295/2 93/296/2 221/297/2 129/298/2
f 128/299/2 94/300/2 95/301/2 127/302/2
f 126/303/2 96/304/2 97/305/2 125/306/2
f 124/307/2 98/308/2 99/309/2 123/310/2
f 146/311/1 194/193/1 62/312/1 61/313/1
f 194/193/1 146/311/1 147/314/1
f 194/193/1 147/314/1 148/315/1
f 194/193/1 148/315/1 149/316/1
f 194/193/1 149/316/1 150/317/1
f 194/193/1 150/317/1 151/318/1
f 194/193/1 151/318/1 152/319/1
f 194/193/1 152/319/1 153/320/1
f 194/193/1 153/320/1 154/321/1
f 194/193/1 154/321/1 155/322/1
f 194/193/1 155/322/1 156/323/1
f 194/193/1 156/323/1 157/324/1
f 194/193/1 157/324/1 158/325/1
f 194/193/1 158/325/1 159/326/1
f 194/193/1 159/326/1 160/327/1
f 194/193/1 160/327/1 161/328/1
f 194/193/1 161/328/1 162/329/1
f 194/193/1 162/329/1 163/330/1
f 194/193/1 163/330/1 164/331/1
f 194/193/1 164/331/1 165/332/1
f 194/193/1 165/332/1 166/333/1
f 194/193/1 166/333/1 167/334/1
f 194/193/1 167/334/1 168/335/1
f 194/193/1 168/335/1 169/194/1
f 146/203/33 100/202/32 99/336/79 147/337/80
f 147/337/80 99/336/79 98/338/81 148/339/82
f 148/339/82 98/338/81 97/340/83 149/341/84
f 149/341/84 97/340/83 96/342/85 150/343/86
f 150/343/86 96/342/85 95/344/87 151/345/88
f 151/345/88 95/344/87 94/346/89 152/347/90
f 152/347/90 94/346/89 221/348/91 153/349/92
f 153/349/92 221/348/91 93/350/93 154/351/94
f 154/351/94 93/350/93 92/352/95 155/353/96
f 155/353/96 92/352/95 91/354/97 156/355/98
f 156/355/98 91/354/97 90/356/99 157/357/87
f 157/357/87 90/356/99 89/358/99 158/359/100
f 158/359/100 89/358/99 88/360/101 159/361/102
f 159/361/102 88/360/101 220/362/103 160/363/104
f 160/363/104 220/362/103 87/364/105 161/365/106
f 161/365/106 87/364/105 86/366/107 162/367/108
f 162/367/108 86/366/107 85/368/109 163/369/110
f 163/369/110 85/368/109 84/370/111 164/371/112
f 164/371/112 84/370/111 83/372/113 165/373/114
f 165/373/114 83/372/113 82/374/115 166/375/116
f 166/375/116 82/374/115 81/376/117 167/377/118
f 167/377/118 81/376/117 80/199/29 168/378/119
f 168/378/119 80/199/29 79/198/28 169/201/31
f 195/204/2 219/196/2 196/379/2
f 196/379/2 219/196/2 197/380/2
f 197/380/2 219/196/2 198/381/2
f 198/381/2 219/196/2 199/382/2
f 199/382/2 219/196/2 200/383/2
f 200/383/2 219/196/2 201/384/2
f 201/384/2 219/196/2 202/385/2
f 202/385/2 219/196/2 203/386/2
f 203/386/2 219/196/2 204/387/2
f 204/387/2 219/196/2 205/388/2
f 205/388/2 219/196/2 206/389/2
f 206/389/2 219/196/2 207/390/2
f 207/390/2 219/196/2 208/391/2
f 208/391/2 219/196/2 209/392/2
f 209/392/2 219/196/2 210/393/2
f 210/393/2 219/196/2 211/394/2
f 211/394/2 219/196/2 212/395/2
f 212/395/2 219/196/2 213/396/2
f 213/396/2 219/196/2 214/397/2
f 214/397/2 219/196/2 215/398/2
f 215/398/2 219/196/2 216/399/2
f 216/399/2 219/196/2 217/400/2
f 217/400/2 219/196/2 218/195/2
f 192/401/120 144/402/120 143/403/120 191/404/120
f 190/405/121 142/406/121 141/407/121 189/408/121
f 188/409/122 140/410/122 139/411/122 187/412/122
f 136/413/123 184/414/123 222/415/123 220/416/123
f 186/417/124 138/418/124 137/419/124 185/420/124
f 191/421/125 143/422/125 81/423/125 103/424/125
f 184/425/126 136/426/126 135/427/126 183/428/126
f 171/429/127 123/430/127 99/431/127 120/432/127
f 182/433/128 134/434/128 133/435/128 181/436/128
f 180/437/129 132/438/129 131/439/129 179/440/129
f 178/441/130 130/442/130 129/443/130 177/444/130
f 176/445/131 128/446/131 127/447/131 175/448/131
f 130/449/132 178/450/132 113/451/132 93/452/132
f 174/453/133 126/454/133 125/455/133 173/456/133
f 185/457/134 137/458/134 87/459/134 109/460/134
f 172/461/135 124/462/135 123/463/135 171/464/135
f 171/465/1 120/466/1 119/467/1 172/468/1
f 173/469/1 118/470/1 117/471/1 174/472/1
f 175/473/1 116/474/1 115/475/1 176/476/1
f 177/477/1 114/478/1 113/479/1 178/480/1
f 179/481/1 112/482/1 224/483/1 180/484/1
f 181/485/1 111/486/1 110/487/1 182/488/1
f 183/489/1 223/490/1 222/491/1 184/492/1
f 185/493/1 109/494/1 108/495/1 186/496/1
f 187/497/1 107/498/1 106/499/1 188/500/1
f 189/501/1 105/502/1 104/503/1 190/504/1
f 191/505/1 103/506/1 102/507/1 192/508/1
f 103/264/76 81/376/117 82/374/115 104/262/74
f 105/260/72 83/372/113 84/370/111 106/258/70
f 107/256/68 85/368/109 86/366/107 108/254/66
f 109/252/64 87/364/105 220/362/103 222/250/62
f 223/248/60 88/360/101 89/358/99 110/246/58
f 111/244/56 90/356/99 91/354/97 224/242/54
f 112/240/52 92/352/95 93/350/93 113/238/50
f 114/236/48 221/348/91 94/346/89 115/234/46
f 116/232/44 95/344/87 96/342/85 117/230/42
f 118/228/40 97/340/83 98/338/81 119/226/38
f 120/224/36 99/336/79 100/202/32 121/192/27
f 177/509/136 129/510/136 221/511/136 114/512/136
f 122/513/137 170/514/137 121/515/137 100/516/137
f 142/517/138 190/518/138 104/519/138 82/520/138
f 183/521/139 135/522/139 88/523/139 223/524/139
f 128/525/140 176/526/140 115/527/140 94/528/140
f 189/529/141 141/530/141 83/531/141 105/532/141
f 134/533/142 182/534/142 110/535/142 89/536/142
f 175/537/143 127/538/143 95/539/143 116/540/143
f 140/541/144 188/542/144 106/543/144 84/544/144
f 181/545/145 133/546/145 90/547/145 111/548/145
f 126/549/146 174/550/146 117/551/146 96/552/146
f 187/553/147 139/554/147 85/555/147 107/556/147
f 132/557/148 180/558/148 224/559/148 91/560/148
f 173/561/149 125/562/149 97/563/149 118/564/149
f 193/565/150 145/566/150 79/567/150 101/568/150
f 138/569/151 186/570/151 108/571/151 86/572/151
f 101/197/28 218/266/78 71/169/20 69/168/20
f 179/573/152 131/574/152 92/575/152 112/576/152
f 124/577/153 172/578/153 119/579/153 98/580/153
f 144/581/154 192/582/154 102/583/154 80/584/154
f 232/585/2 235/586/2 230/587/2
f 231/588/155 232/589/155 230/590/156 229/591/156
f 236/592/1 231/593/1 229/594/1
f 65/153/1 72/152/1 236/592/1 229/594/1
f 71/147/2 66/146/2 230/587/2 235/586/2
f 237/595/157 227/596/157 225/597/158 238/598/158
f 234/599/159 236/600/159 235/601/160 233/602/160
f 238/603/161 239/604/161 240/605/161 237/606/161
f 233/607/162 241/608/162 242/609/162 234/610/162
f 311/611/163 242/612/163 241/613/163 359/614/163
f 385/615/164 232/589/155 231/588/155 360/616/164
f 360/616/164 226/617/164 228/618/164 385/615/164
f 243/619/2 234/620/2 242/621/2 311/622/2
f 361/623/165 227/596/157 237/595/157 287/624/166
f 360/625/1 231/593/1 236/592/1 335/626/1
f 384/627/2 235/586/2 232/585/2 385/628/2
f 266/629/167 267/630/168 244/631/169 243/632/167
f 335/633/170 236/600/159 234/599/159 243/632/167
f 265/634/171 238/598/158 225/597/158 312/635/172
f 385/628/2 228/636/2 227/637/2 361/638/2
f 359/639/1 241/640/1 233/641/1 266/642/1
f 239/643/2 238/644/2 265/645/2 288/646/2
f 336/647/173 240/648/173 239/649/173 288/650/173
f 287/651/1 237/652/1 240/653/1 336/654/1
f 287/624/166 286/655/174 362/656/175 361/623/165
f 286/655/174 285/657/176 363/658/177 362/656/175
f 285/657/176 284/659/178 364/660/179 363/658/177
f 284/659/178 283/661/180 365/662/181 364/660/179
f 283/661/180 282/663/182 366/664/183 365/662/181
f 282/663/182 281/665/184 367/666/185 366/664/183
f 281/665/184 280/667/186 368/668/187 367/666/185
f 280/667/186 279/669/188 369/670/189 368/668/187
f 279/669/188 278/671/190 370/672/191 369/670/189
f 278/671/190 388/673/192 371/674/193 370/672/191
f 388/673/192 277/675/194 372/676/195 371/674/193
f 277/675/194 276/677/196 373/678/197 372/676/195
f 276/677/196 387/679/198 374/680/199 373/678/197
f 387/679/198 275/681/200 375/682/201 374/680/199
f 275/681/200 274/683/202 376/684/203 375/682/201
f 274/683/202 273/685/204 377/686/205 376/684/203
f 273/685/204 272/687/206 378/688/207 377/686/205
f 272/687/206 271/689/208 379/690/209 378/688/207
f 271/689/208 270/691/210 380/692/211 379/690/209
f 270/691/210 269/693/212 381/694/213 380/692/211
f 269/693/212 268/695/214 382/696/215 381/694/213
f 268/695/214 267/630/168 383/697/216 382/696/215
f 267/630/168 266/629/167 384/698/217 383/697/216
f 310/699/2 309/700/2 245/701/2 244/702/2
f 308/703/2 307/704/2 247/705/2 246/706/2
f 306/707/2 305/708/2 249/709/2 248/710/2
f 304/711/2 303/712/2 251/713/2 250/714/2
f 302/715/2 301/716/2 253/717/2 252/718/2
f 300/719/2 299/720/2 255/721/2 254/722/2
f 298/723/2 297/724/2 257/725/2 256/726/2
f 296/727/2 295/728/2 386/729/2 258/730/2
f 294/731/2 293/732/2 260/733/2 259/734/2
f 292/735/2 291/736/2 262/737/2 261/738/2
f 290/739/2 289/740/2 264/741/2 263/742/2
f 312/743/1 225/744/1 226/745/1 360/625/1
f 360/625/1 313/746/1 312/743/1
f 360/625/1 314/747/1 313/746/1
f 360/625/1 315/748/1 314/747/1
f 360/625/1 316/749/1 315/748/1
f 360/625/1 317/750/1 316/749/1
f 360/625/1 318/751/1 317/750/1
f 360/625/1 319/752/1 318/751/1
f 360/625/1 320/753/1 319/752/1
f 360/625/1 321/754/1 320/753/1
f 360/625/1 322/755/1 321/754/1
f 360/625/1 323/756/1 322/755/1
f 360/625/1 324/757/1 323/756/1
f 360/625/1 325/758/1 324/757/1
f 360/625/1 326/759/1 325/758/1
f 360/625/1 327/760/1 326/759/1
f 360/625/1 328/761/1 327/760/1
f 360/625/1 329/762/1 328/761/1
f 360/625/1 330/763/1 329/762/1
f 360/625/1 331/764/1 330/763/1
f 360/625/1 332/765/1 331/764/1
f 360/625/1 333/766/1 332/765/1
f 360/625/1 334/767/1 333/766/1
f 360/625/1 335/626/1 334/767/1
f 312/635/172 313/768/218 264/769/219 265/634/171
f 313/768/218 314/770/220 263/771/221 264/769/219
f 314/770/220 315/772/222 262/773/223 263/771/221
f 315/772/222 316/774/224 261/775/225 262/773/223
f 316/774/224 317/776/226 260/777/227 261/775/225
f 317/776/226 318/778/228 259/779/229 260/777/227
f 318/778/228 319/780/230 386/781/231 259/779/229
f 319/780/230 320/782/232 258/783/233 386/781/231
f 320/782/232 321/784/234 257/785/235 258/783/233
f 321/784/234 322/786/236 256/787/237 257/785/235
f 322/786/236 323/788/227 255/789/238 256/787/237
f 323/788/227 324/790/239 254/791/238 255/789/238
f 324/790/239 325/792/240 253/793/241 254/791/238
f 325/792/240 326/794/242 252/795/243 253/793/241
f 326/794/242 327/796/244 251/797/245 252/795/243
f 327/796/244 328/798/246 250/799/247 251/797/245
f 328/798/246 329/800/243 249/801/248 250/799/247
f 329/800/243 330/802/249 248/803/250 249/801/248
f 330/802/249 331/804/251 247/805/252 248/803/250
f 331/804/251 332/806/253 246/807/254 247/805/252
f 332/806/253 333/808/255 245/809/256 246/807/254
f 333/808/255 334/810/257 244/631/169 245/809/256
f 334/810/257 335/633/170 243/632/167 244/631/169
f 361/638/2 362/811/2 385/628/2
f 362/811/2 363/812/2 385/628/2
f 363/812/2 364/813/2 385/628/2
f 364/813/2 365/814/2 385/628/2
f 365/814/2 366/815/2 385/628/2
f 366/815/2 367/816/2 385/628/2
f 367/816/2 368/817/2 385/628/2
f 368/817/2 369/818/2 385/628/2
f 369/818/2 370/819/2 385/628/2
f 370/819/2 371/820/2 385/628/2
f 371/820/2 372/821/2 385/628/2
f 372/821/2 373/822/2 385/628/2
f 373/822/2 374/823/2 385/628/2
f 374/823/2 375/824/2 385/628/2
f 375/824/2 376/825/2 385/628/2
f 376/825/2 377/826/2 385/628/2
f 377/826/2 378/827/2 385/628/2
f 378/827/2 379/828/2 385/628/2
f 379/828/2 380/829/2 385/628/2
f 380/829/2 381/830/2 385/628/2
f 381/830/2 382/831/2 385/628/2
f 382/831/2 383/832/2 385/628/2
f 383/832/2 384/627/2 385/628/2
f 358/833/258 357/834/258 309/835/258 310/836/258
f 356/837/259 355/838/259 307/839/259 308/840/259
f 354/841/260 353/842/260 305/843/260 306/844/260
f 302/845/261 252/846/261 275/847/261 350/848/261
f 352/849/262 351/850/262 303/851/262 304/852/262
f 357/853/263 268/854/263 245/855/263 309/856/263
f 350/857/264 349/858/264 301/859/264 302/860/264
f 337/861/265 286/862/265 264/863/265 289/864/265
f 348/865/266 347/866/266 299/867/266 300/868/266
f 346/869/267 345/870/267 297/871/267 298/872/267
f 344/873/268 343/874/268 295/875/268 296/876/268
f 342/877/269 341/878/269 293/879/269 294/880/269
f 296/881/270 258/882/270 279/883/270 344/884/270
f 340/885/271 339/886/271 291/887/271 292/888/271
f 351/889/272 274/890/272 251/891/272 303/892/272
f 338/893/273 337/894/273 289/895/273 290/896/273
f 337/897/1 338/898/1 285/899/1 286/900/1
f 339/901/1 340/902/1 283/903/1 284/904/1
f 341/905/1 342/906/1 281/907/1 282/908/1
f 343/909/1 344/910/1 279/911/1 280/912/1
f 345/913/1 346/914/1 388/915/1 278/916/1
f 347/917/1 348/918/1 276/919/1 277/920/1
f 349/921/1 350/922/1 275/923/1 387/924/1
f 351/925/1 352/926/1 273/927/1 274/928/1
f 353/929/1 354/930/1 271/931/1 272/932/1
f 355/933/1 356/934/1 269/935/1 270/936/1
f 357/937/1 358/938/1 267/939/1 268/940/1
f 268/695/214 269/693/212 246/807/254 245/809/256
f 270/691/210 271/689/208 248/803/250 247/805/252
f 272/687/206 273/685/204 250/799/247 249/801/248
f 274/683/202 275/681/200 252/795/243 251/797/245
f 387/679/198 276/677/196 254/791/238 253/793/241
f 277/675/194 388/673/192 256/787/237 255/789/238
f 278/671/190 279/669/188 258/783/233 257/785/235
f 280/667/186 281/665/184 259/779/229 386/781/231
f 282/663/182 283/661/180 261/775/225 260/777/227
f 284/659/178 285/657/176 263/771/221 262/773/223
f 286/655/174 287/624/166 265/634/171 264/769/219
f 343/941/274 280/942/274 386/943/274 295/944/274
f 288/945/275 265/946/275 287/947/275 336/948/275
f 308/949/276 246/950/276 269/951/276 356/952/276
f 349/953/277 387/954/277 253/955/277 301/956/277
f 294/957/278 259/958/278 281/959/278 342/960/278
f 355/961/279 270/962/279 247/963/279 307/964/279
f 300/965/280 254/966/280 276/967/280 348/968/280
f 341/969/281 282/970/281 260/971/281 293/972/281
f 306/973/282 248/974/282 271/975/282 354/976/282
f 347/977/283 277/978/283 255/979/283 299/980/283
f 292/981/284 261/982/284 283/983/284 340/984/284
f 353/985/285 272/986/285 249/987/285 305/988/285
f 298/989/286 256/990/286 388/991/286 346/992/286
f 339/993/287 284/994/287 262/995/287 291/996/287
f 359/997/288 266/998/288 243/999/288 311/1000/288
f 304/1001/289 250/1002/289 273/1003/289 352/1004/289
f 266/629/167 233/602/160 235/601/160 384/698/217
f 345/1005/290 278/1006/290 257/1007/290 297/1008/290
f 290/1009/291 263/1010/291 285/1011/291 338/1012/291
f 310/1013/292 244/1014/292 267/1015/292 358/1016/292
f 62/1017/15 64/1018/15 63/1019/15 61/1020/15
f 226/1021/15 225/1022/15 227/1023/15 228/1024/15
f 396/1025/1 399/1026/1 394/1027/1
f 395/1028/13 396/1029/13 394/1030/14 393/1031/14
f 400/1032/2 395/1033/2 393/1034/2
f 400/1035/15 564/1036/15 563/1037/15 399/1038/15
f 393/1039/16 394/1040/16 558/1041/16 557/1042/16
f 401/1043/18 391/1044/18 389/1045/17 402/1046/17
f 398/1047/20 400/1048/20 399/1049/19 397/1050/19
f 402/1051/21 403/1052/21 404/1053/21 401/1054/21
f 397/1055/22 405/1056/22 406/1057/22 398/1058/22
f 473/1059/293 406/1060/293 405/1061/293 521/1062/293
f 547/1063/25 396/1029/13 395/1028/13 522/1064/25
f 522/1064/25 390/1065/25 392/1066/25 547/1063/25
f 407/1067/1 398/1068/1 406/1069/1 473/1070/1
f 523/1071/33 391/1044/18 401/1043/18 449/1072/294
f 522/1073/2 395/1033/2 400/1032/2 497/1074/2
f 546/1075/1 399/1026/1 396/1025/1 547/1076/1
f 429/1077/28 430/1078/29 408/1079/30 407/1080/28
f 497/1081/78 400/1048/20 398/1047/20 407/1080/28
f 428/1082/295 402/1046/17 389/1045/17 474/1083/26
f 547/1076/1 392/1084/1 391/1085/1 523/1086/1
f 521/1087/2 405/1088/2 397/1089/2 429/1090/2
f 403/1091/1 402/1092/1 428/1093/1 450/1094/1
f 498/1095/296 404/1096/296 403/1097/296 450/1098/296
f 449/1099/2 401/1100/2 404/1101/2 498/1102/2
f 449/1072/294 448/1103/79 524/1104/80 523/1071/33
f 448/1103/79 447/1105/81 525/1106/82 524/1104/80
f 447/1105/81 446/1107/297 526/1108/84 525/1106/82
f 446/1107/297 445/1109/85 527/1110/86 526/1108/84
f 445/1109/85 444/1111/87 528/1112/88 527/1110/86
f 444/1111/87 443/1113/298 529/1114/299 528/1112/88
f 443/1113/298 442/1115/300 530/1116/301 529/1114/299
f 442/1115/300 441/1117/302 531/1118/303 530/1116/301
f 441/1117/302 440/1119/304 532/1120/305 531/1118/303
f 440/1119/304 552/1121/306 533/1122/307 532/1120/305
f 552/1121/306 439/1123/308 534/1124/309 533/1122/307
f 439/1123/308 438/1125/310 535/1126/311 534/1124/309
f 438/1125/310 551/1127/312 536/1128/313 535/1126/311
f 551/1127/312 550/1129/314 537/1130/315 536/1128/313
f 550/1129/314 437/1131/316 538/1132/317 537/1130/315
f 437/1131/316 436/1133/318 539/1134/319 538/1132/317
f 436/1133/318 435/1135/109 540/1136/320 539/1134/319
f 435/1135/109 434/1137/111 541/1138/112 540/1136/320
f 434/1137/111 433/1139/113 542/1140/114 541/1138/112
f 433/1139/113 432/1141/115 543/1142/116 542/1140/114
f 432/1141/115 431/1143/117 544/1144/118 543/1142/116
f 431/1143/117 430/1078/29 545/1145/119 544/1144/118
f 430/1078/29 429/1077/28 546/1146/31 545/1145/119
f 472/1147/1 471/1148/1 409/1149/1 408/1150/1
f 470/1151/1 469/1152/1 411/1153/1 410/1154/1
f 468/1155/1 467/1156/1 413/1157/1 412/1158/1
f 466/1159/1 465/1160/1 415/1161/1 414/1162/1
f 464/1163/1 463/1164/1 416/1165/1 548/1166/1
f 462/1167/1 461/1168/1 418/1169/1 417/1170/1
f 460/1171/1 459/1172/1 420/1173/1 419/1174/1
f 458/1175/1 457/1176/1 549/1177/1 421/1178/1
f 456/1179/1 455/1180/1 423/1181/1 422/1182/1
f 454/1183/1 453/1184/1 425/1185/1 424/1186/1
f 452/1187/1 451/1188/1 427/1189/1 426/1190/1
f 474/1191/2 389/1192/2 390/1193/2 522/1073/2
f 522/1073/2 475/1194/2 474/1191/2
f 522/1073/2 476/1195/2 475/1194/2
f 522/1073/2 477/1196/2 476/1195/2
f 522/1073/2 478/1197/2 477/1196/2
f 522/1073/2 479/1198/2 478/1197/2
f 522/1073/2 480/1199/2 479/1198/2
f 522/1073/2 481/1200/2 480/1199/2
f 522/1073/2 482/1201/2 481/1200/2
f 522/1073/2 483/1202/2 482/1201/2
f 522/1073/2 484/1203/2 483/1202/2
f 522/1073/2 485/1204/2 484/1203/2
f 522/1073/2 486/1205/2 485/1204/2
f 522/1073/2 487/1206/2 486/1205/2
f 522/1073/2 488/1207/2 487/1206/2
f 522/1073/2 489/1208/2 488/1207/2
f 522/1073/2 490/1209/2 489/1208/2
f 522/1073/2 491/1210/2 490/1209/2
f 522/1073/2 492/1211/2 491/1210/2
f 522/1073/2 493/1212/2 492/1211/2
f 522/1073/2 494/1213/2 493/1212/2
f 522/1073/2 495/1214/2 494/1213/2
f 522/1073/2 496/1215/2 495/1214/2
f 522/1073/2 497/1074/2 496/1215/2
f 474/1083/26 475/1216/35 427/1217/36 428/1082/295
f 475/1216/35 476/1218/37 426/1219/38 427/1217/36
f 476/1218/37 477/1220/39 425/1221/321 426/1219/38
f 477/1220/39 478/1222/41 424/1223/42 425/1221/321
f 478/1222/41 479/1224/43 423/1225/44 424/1223/42
f 479/1224/43 480/1226/322 422/1227/323 423/1225/44
f 480/1226/322 481/1228/324 549/1229/325 422/1227/323
f 481/1228/324 482/1230/326 421/1231/327 549/1229/325
f 482/1230/326 483/1232/328 420/1233/329 421/1231/327
f 483/1232/328 484/1234/330 419/1235/331 420/1233/329
f 484/1234/330 485/1236/44 418/1237/332 419/1235/331
f 485/1236/44 486/1238/333 417/1239/332 418/1237/332
f 486/1238/333 487/1240/334 416/1241/335 417/1239/332
f 487/1240/334 488/1242/336 548/1243/103 416/1241/335
f 488/1242/336 489/1244/337 415/1245/338 548/1243/103
f 489/1244/337 490/1246/339 414/1247/340 415/1245/338
f 490/1246/339 491/1248/341 413/1249/68 414/1247/340
f 491/1248/341 492/1250/69 412/1251/70 413/1249/68
f 492/1250/69 493/1252/71 411/1253/72 412/1251/70
f 493/1252/71 494/1254/73 410/1255/74 411/1253/72
f 494/1254/73 495/1256/75 409/1257/76 410/1255/74
f 495/1256/75 496/1258/77 408/1079/30 409/1257/76
f 496/1258/77 497/1081/78 407/1080/28 408/1079/30
f 523/1086/1 524/1259/1 547/1076/1
f 524/1259/1 525/1260/1 547/1076/1
f 525/1260/1 526/1261/1 547/1076/1
f 526/1261/1 527/1262/1 547/1076/1
f 527/1262/1 528/1263/1 547/1076/1
f 528/1263/1 529/1264/1 547/1076/1
f 529/1264/1 530/1265/1 547/1076/1
f 530/1265/1 531/1266/1 547/1076/1
f 531/1266/1 532/1267/1 547/1076/1
f 532/1267/1 533/1268/1 547/1076/1
f 533/1268/1 534/1269/1 547/1076/1
f 534/1269/1 535/1270/1 547/1076/1
f 535/1270/1 536/1271/1 547/1076/1
f 536/1271/1 537/1272/1 547/1076/1
f 537/1272/1 538/1273/1 547/1076/1
f 538/1273/1 539/1274/1 547/1076/1
f 539/1274/1 540/1275/1 547/1076/1
f 540/1275/1 541/1276/1 547/1076/1
f 541/1276/1 542/1277/1 547/1076/1
f 542/1277/1 543/1278/1 547/1076/1
f 543/1278/1 544/1279/1 547/1076/1
f 544/1279/1 545/1280/1 547/1076/1
f 545/1280/1 546/1075/1 547/1076/1
f 520/1281/342 519/1282/342 471/1283/342 472/1284/342
f 518/1285/343 517/1286/343 469/1287/343 470/1288/343
f 516/1289/344 515/1290/344 467/1291/344 468/1292/344
f 464/1293/345 548/1294/345 550/1295/345 512/1296/345
f 514/1297/346 513/1298/346 465/1299/346 466/1300/346
f 519/1301/347 431/1302/347 409/1303/347 471/1304/347
f 512/1305/348 511/1306/348 463/1307/348 464/1308/348
f 499/1309/349 448/1310/349 427/1311/349 451/1312/349
f 510/1313/350 509/1314/350 461/1315/350 462/1316/350
f 508/1317/351 507/1318/351 459/1319/351 460/1320/351
f 506/1321/352 505/1322/352 457/1323/352 458/1324/352
f 504/1325/353 503/1326/353 455/1327/353 456/1328/353
f 458/1329/354 421/1330/354 441/1331/354 506/1332/354
f 502/1333/355 501/1334/355 453/1335/355 454/1336/355
f 513/1337/356 437/1338/356 415/1339/356 465/1340/356
f 500/1341/357 499/1342/357 451/1343/357 452/1344/357
f 499/1345/2 500/1346/2 447/1347/2 448/1348/2
f 501/1349/2 502/1350/2 445/1351/2 446/1352/2
f 503/1353/2 504/1354/2 443/1355/2 444/1356/2
f 505/1357/2 506/1358/2 441/1359/2 442/1360/2
f 507/1361/2 508/1362/2 552/1363/2 440/1364/2
f 509/1365/2 510/1366/2 438/1367/2 439/1368/2
f 511/1369/2 512/1370/2 550/1371/2 551/1372/2
f 513/1373/2 514/1374/2 436/1375/2 437/1376/2
f 515/1377/2 516/1378/2 434/1379/2 435/1380/2
f 517/1381/2 518/1382/2 432/1383/2 433/1384/2
f 519/1385/2 520/1386/2 430/1387/2 431/1388/2
f 431/1143/117 432/1141/115 410/1255/74 409/1257/76
f 433/1139/113 434/1137/111 412/1251/70 411/1253/72
f 435/1135/109 436/1133/318 414/1247/340 413/1249/68
f 437/1131/316 550/1129/314 548/1243/103 415/1245/338
f 551/1127/312 438/1125/310 417/1239/332 416/1241/335
f 439/1123/308 552/1121/306 419/1235/331 418/1237/332
f 440/1119/304 441/1117/302 421/1231/327 420/1233/329
f 442/1115/300 443/1113/298 422/1227/323 549/1229/325
f 444/1111/87 445/1109/85 424/1223/42 423/1225/44
f 446/1107/297 447/1105/81 426/1219/38 425/1221/321
f 448/1103/79 449/1072/294 428/1082/295 427/1217/36
f 505/1389/358 442/1390/358 549/1391/358 457/1392/358
f 450/1393/359 428/1394/359 449/1395/359 498/1396/359
f 470/1397/360 410/1398/360 432/1399/360 518/1400/360
f 511/1401/361 551/1402/361 416/1403/361 463/1404/361
f 456/1405/362 422/1406/362 443/1407/362 504/1408/362
f 517/1409/363 433/1410/363 411/1411/363 469/1412/363
f 462/1413/364 417/1414/364 438/1415/364 510/1416/364
f 503/1417/365 444/1418/365 423/1419/365 455/1420/365
f 468/1421/366 412/1422/366 434/1423/366 516/1424/366
f 509/1425/367 439/1426/367 418/1427/367 461/1428/367
f 454/1429/368 424/1430/368 445/1431/368 502/1432/368
f 515/1433/369 435/1434/369 413/1435/369 467/1436/369
f 460/1437/370 419/1438/370 552/1439/370 508/1440/370
f 501/1441/371 446/1442/371 425/1443/371 453/1444/371
f 521/1445/372 429/1446/372 407/1447/372 473/1448/372
f 466/1449/373 414/1450/373 436/1451/373 514/1452/373
f 429/1077/28 397/1050/19 399/1049/19 546/1146/31
f 507/1453/374 440/1454/374 420/1455/374 459/1456/374
f 452/1457/375 426/1458/375 447/1459/375 500/1460/375
f 472/1461/376 408/1462/376 430/1463/376 520/1464/376
f 560/1465/1 558/1466/1 563/1467/1
f 559/1468/155 557/1469/156 558/1470/156 560/1471/155
f 564/1472/2 557/1473/2 559/1474/2
f 393/1034/2 557/1473/2 564/1472/2 400/1032/2
f 399/1026/1 563/1467/1 558/1466/1 394/1027/1
f 565/1475/158 566/1476/157 553/1477/157 555/1478/158
f 562/1479/160 561/1480/159 563/1481/159 564/1482/160
f 566/1483/161 565/1484/161 568/1485/161 567/1486/161
f 561/1487/162 562/1488/162 570/1489/162 569/1490/162
f 639/1491/377 687/1492/377 569/1493/377 570/1494/377
f 714/1495/378 689/1496/378 559/1468/155 560/1471/155
f 688/1497/378 715/1498/378 556/1499/164 554/1500/164
f 571/1501/1 639/1502/1 570/1503/1 562/1504/1
f 690/1505/172 615/1506/171 565/1475/158 555/1478/158
f 689/1507/2 663/1508/2 564/1472/2 559/1474/2
f 713/1509/1 714/1510/1 560/1465/1 563/1467/1
f 594/1511/167 571/1512/167 572/1513/168 595/1514/169
f 663/1515/217 571/1512/167 562/1479/160 564/1482/160
f 593/1516/379 640/1517/165 553/1477/157 566/1476/157
f 715/1518/1 690/1519/1 555/1520/1 556/1521/1
f 687/1522/2 594/1523/2 561/1524/2 569/1525/2
f 567/1526/1 616/1527/1 593/1528/1 566/1529/1
f 664/1530/380 616/1531/380 567/1532/380 568/1533/380
f 615/1534/2 664/1535/2 568/1536/2 565/1537/2
f 615/1506/171 690/1505/172 691/1538/218 614/1539/219
f 614/1539/219 691/1538/218 692/1540/220 613/1541/221
f 613/1541/221 692/1540/220 693/1542/222 612/1543/381
f 612/1543/381 693/1542/222 694/1544/224 611/1545/225
f 611/1545/225 694/1544/224 695/1546/226 610/1547/227
f 610/1547/227 695/1546/226 696/1548/382 609/1549/383
f 609/1549/383 696/1548/382 697/1550/384 608/1551/385
f 608/1551/385 697/1550/384 698/1552/386 607/1553/240
f 607/1553/240 698/1552/386 699/1554/387 606/1555/388
f 606/1555/388 699/1554/387 700/1556/389 718/1557/390
f 718/1557/390 700/1556/389 701/1558/391 605/1559/392
f 605/1559/392 701/1558/391 702/1560/393 604/1561/394
f 604/1561/394 702/1560/393 703/1562/395 717/1563/396
f 717/1563/396 703/1562/395 704/1564/397 603/1565/398
f 603/1565/398 704/1564/397 705/1566/399 602/1567/245
f 602/1567/245 705/1566/399 706/1568/400 601/1569/401
f 601/1569/401 706/1568/400 707/1570/402 600/1571/248
f 600/1571/248 707/1570/402 708/1572/249 599/1573/250
f 599/1573/250 708/1572/249 709/1574/251 598/1575/252
f 598/1575/252 709/1574/251 710/1576/253 597/1577/254
f 597/1577/254 710/1576/253 711/1578/255 596/1579/256
f 596/1579/256 711/1578/255 712/1580/257 595/1514/169
f 595/1514/169 712/1580/257 713/1581/170 594/1511/167
f 715/1498/378 688/1497/378 689/1496/378 714/1495/378
f 638/1582/1 572/1583/1 573/1584/1 637/1585/1
f 636/1586/1 574/1587/1 575/1588/1 635/1589/1
f 634/1590/1 576/1591/1 577/1592/1 633/1593/1
f 632/1594/1 578/1595/1 579/1596/1 631/1597/1
f 630/1598/1 580/1599/1 581/1600/1 629/1601/1
f 628/1602/1 582/1603/1 583/1604/1 627/1605/1
f 626/1606/1 584/1607/1 585/1608/1 625/1609/1
f 624/1610/1 586/1611/1 716/1612/1 623/1613/1
f 622/1614/1 587/1615/1 588/1616/1 621/1617/1
f 620/1618/1 589/1619/1 590/1620/1 619/1621/1
f 618/1622/1 591/1623/1 592/1624/1 617/1625/1
f 640/1626/2 688/1627/2 554/1628/2 553/1629/2
f 688/1627/2 640/1626/2 641/1630/2
f 688/1627/2 641/1630/2 642/1631/2
f 688/1627/2 642/1631/2 643/1632/2
f 688/1627/2 643/1632/2 644/1633/2
f 688/1627/2 644/1633/2 645/1634/2
f 688/1627/2 645/1634/2 646/1635/2
f 688/1627/2 646/1635/2 647/1636/2
f 688/1627/2 647/1636/2 648/1637/2
f 688/1627/2 648/1637/2 649/1638/2
f 688/1627/2 649/1638/2 650/1639/2
f 688/1627/2 650/1639/2 651/1640/2
f 688/1627/2 651/1640/2 652/1641/2
f 688/1627/2 652/1641/2 653/1642/2
f 688/1627/2 653/1642/2 654/1643/2
f 688/1627/2 654/1643/2 655/1644/2
f 688/1627/2 655/1644/2 656/1645/2 689/1507/2
f 689/1507/2 656/1645/2 657/1646/2
f 689/1507/2 657/1646/2 658/1647/2
f 689/1507/2 658/1647/2 659/1648/2
f 689/1507/2 659/1648/2 660/1649/2
f 689/1507/2 660/1649/2 661/1650/2
f 689/1507/2 661/1650/2 662/1651/2
f 689/1507/2 662/1651/2 663/1508/2
f 640/1517/165 593/1516/379 592/1652/174 641/1653/175
f 641/1653/175 592/1652/174 591/1654/176 642/1655/177
f 642/1655/177 591/1654/176 590/1656/403 643/1657/179
f 643/1657/179 590/1656/403 589/1658/180 644/1659/181
f 644/1659/181 589/1658/180 588/1660/182 645/1661/183
f 645/1661/183 588/1660/182 587/1662/404 646/1663/405
f 646/1663/405 587/1662/404 716/1664/406 647/1665/407
f 647/1665/407 716/1664/406 586/1666/408 648/1667/409
f 648/1667/409 586/1666/408 585/1668/410 649/1669/411
f 649/1669/411 585/1668/410 584/1670/412 650/1671/413
f 650/1671/413 584/1670/412 583/1672/414 651/1673/182
f 651/1673/182 583/1672/414 582/1674/414 652/1675/415
f 652/1675/415 582/1674/414 581/1676/416 653/1677/188
f 653/1677/188 581/1676/416 580/1678/417 654/1679/418
f 654/1679/418 580/1678/417 579/1680/202 655/1681/419
f 655/1681/419 579/1680/202 578/1682/420 656/1683/421
f 656/1683/421 578/1682/420 577/1684/206 657/1685/417
f 657/1685/417 577/1684/206 576/1686/208 658/1687/209
f 658/1687/209 576/1686/208 575/1688/210 659/1689/211
f 659/1689/211 575/1688/210 574/1690/212 660/1691/213
f 660/1691/213 574/1690/212 573/1692/214 661/1693/215
f 661/1693/215 573/1692/214 572/1513/168 662/1694/216
f 662/1694/216 572/1513/168 571/1512/167 663/1515/217
f 690/1519/1 715/1518/1 691/1695/1
f 691/1695/1 715/1518/1 692/1696/1
f 692/1696/1 715/1518/1 693/1697/1
f 693/1697/1 715/1518/1 694/1698/1
f 694/1698/1 715/1518/1 695/1699/1
f 695/1699/1 715/1518/1 696/1700/1
f 696/1700/1 715/1518/1 697/1701/1
f 697/1701/1 715/1518/1 698/1702/1
f 698/1702/1 715/1518/1 699/1703/1
f 699/1703/1 715/1518/1 700/1704/1
f 700/1704/1 715/1518/1 701/1705/1
f 701/1705/1 715/1518/1 702/1706/1
f 702/1706/1 715/1518/1 703/1707/1
f 703/1707/1 715/1518/1 704/1708/1
f 704/1708/1 715/1518/1 705/1709/1
f 705/1709/1 715/1518/1 714/1510/1 706/1710/1
f 706/1710/1 714/1510/1 707/1711/1
f 707/1711/1 714/1510/1 708/1712/1
f 708/1712/1 714/1510/1 709/1713/1
f 709/1713/1 714/1510/1 710/1714/1
f 710/1714/1 714/1510/1 711/1715/1
f 711/1715/1 714/1510/1 712/1716/1
f 712/1716/1 714/1510/1 713/1509/1
f 686/1717/422 638/1718/422 637/1719/422 685/1720/422
f 684/1721/423 636/1722/423 635/1723/423 683/1724/423
f 682/1725/424 634/1726/424 633/1727/424 681/1728/424
f 630/1729/425 678/1730/425 603/1731/425 580/1732/425
f 680/1733/426 632/1734/426 631/1735/426 679/1736/426
f 685/1737/427 637/1738/427 573/1739/427 596/1740/427
f 678/1741/428 630/1742/428 629/1743/428 677/1744/428
f 665/1745/429 617/1746/429 592/1747/429 614/1748/429
f 676/1749/430 628/1750/430 627/1751/430 675/1752/430
f 674/1753/431 626/1754/431 625/1755/431 673/1756/431
f 672/1757/432 624/1758/432 623/1759/432 671/1760/432
f 670/1761/433 622/1762/433 621/1763/433 669/1764/433
f 624/1765/434 672/1766/434 607/1767/434 586/1768/434
f 668/1769/435 620/1770/435 619/1771/435 667/1772/435
f 679/1773/436 631/1774/436 579/1775/436 602/1776/436
f 666/1777/437 618/1778/437 617/1779/437 665/1780/437
f 665/1781/2 614/1782/2 613/1783/2 666/1784/2
f 667/1785/2 612/1786/2 611/1787/2 668/1788/2
f 669/1789/2 610/1790/2 609/1791/2 670/1792/2
f 671/1793/2 608/1794/2 607/1795/2 672/1796/2
f 673/1797/2 606/1798/2 718/1799/2 674/1800/2
f 675/1801/2 605/1802/2 604/1803/2 676/1804/2
f 677/1805/2 717/1806/2 603/1807/2 678/1808/2
f 679/1809/2 602/1810/2 601/1811/2 680/1812/2
f 681/1813/2 600/1814/2 599/1815/2 682/1816/2
f 683/1817/2 598/1818/2 597/1819/2 684/1820/2
f 685/1821/2 596/1822/2 595/1823/2 686/1824/2
f 596/1579/256 573/1692/214 574/1690/212 597/1577/254
f 598/1575/252 575/1688/210 576/1686/208 599/1573/250
f 600/1571/248 577/1684/206 578/1682/420 601/1569/401
f 602/1567/245 579/1680/202 580/1678/417 603/1565/398
f 717/1563/396 581/1676/416 582/1674/414 604/1561/394
f 605/1559/392 583/1672/414 584/1670/412 718/1557/390
f 606/1555/388 585/1668/410 586/1666/408 607/1553/240
f 608/1551/385 716/1664/406 587/1662/404 609/1549/383
f 610/1547/227 588/1660/182 589/1658/180 611/1545/225
f 612/1543/381 590/1656/403 591/1654/176 613/1541/221
f 614/1539/219 592/1652/174 593/1516/379 615/1506/171
f 671/1825/438 623/1826/438 716/1827/438 608/1828/438
f 616/1829/439 664/1830/439 615/1831/439 593/1832/439
f 636/1833/440 684/1834/440 597/1835/440 574/1836/440
f 677/1837/441 629/1838/441 581/1839/441 717/1840/441
f 622/1841/442 670/1842/442 609/1843/442 587/1844/442
f 683/1845/443 635/1846/443 575/1847/443 598/1848/443
f 628/1849/444 676/1850/444 604/1851/444 582/1852/444
f 669/1853/445 621/1854/445 588/1855/445 610/1856/445
f 634/1857/446 682/1858/446 599/1859/446 576/1860/446
f 675/1861/447 627/1862/447 583/1863/447 605/1864/447
f 620/1865/448 668/1866/448 611/1867/448 589/1868/448
f 681/1869/449 633/1870/449 577/1871/449 600/1872/449
f 626/1873/450 674/1874/450 718/1875/450 584/1876/450
f 667/1877/451 619/1878/451 590/1879/451 612/1880/451
f 687/1881/452 639/1882/452 571/1883/452 594/1884/452
f 632/1885/453 680/1886/453 601/1887/453 578/1888/453
f 594/1511/167 713/1581/170 563/1481/159 561/1480/159
f 673/1889/454 625/1890/454 585/1891/454 606/1892/454
f 618/1893/455 666/1894/455 613/1895/455 591/1896/455
f 638/1897/456 686/1898/456 595/1899/456 572/1900/456
f 390/1901/15 389/1902/15 391/1903/15 392/1904/15
f 554/1905/15 556/1906/15 555/1907/15 553/1908/15
f 719/1909/1 720/1910/1 722/1911/1 721/1912/1
f 721/1913/457 722/1914/457 726/1915/457 725/1916/457
f 725/1917/2 726/1918/2 724/1919/2 723/1920/2
f 723/1921/458 724/1922/458 720/1923/458 719/1924/458
f 721/1925/459 725/1926/459 723/1927/459 719/1928/459
f 726/1929/460 722/1930/460 720/1931/460 724/1932/460
f 727/1933/1 729/1934/1 730/1935/1 728/1936/1
f 729/1937/461 733/1938/461 734/1939/461 730/1940/461
f 733/1941/2 731/1942/2 732/1943/2 734/1944/2
f 731/1945/462 727/1946/462 728/1947/462 732/1948/462
f 729/1949/463 727/1950/463 731/1951/463 733/1952/463
f 734/1953/464 732/1954/464 728/1955/464 730/1956/464
f 735/1957/1 736/1958/1 738/1959/1 737/1960/1
f 737/1961/465 738/1962/465 742/1963/465 741/1964/465
f 741/1965/2 742/1966/2 740/1967/2 739/1968/2
f 739/1969/466 740/1970/466 736/1971/466 735/1972/466
f 737/1973/467 741/1974/467 739/1975/467 735/1976/467
f 742/1977/468 738/1978/468 736/1979/468 740/1980/468
f 743/1981/1 745/1982/1 746/1983/1 744/1984/1
f 745/1985/469 749/1986/469 750/1987/469 746/1988/469
f 749/1989/2 747/1990/2 748/1991/2 750/1992/2
f 747/1993/470 743/1994/470 744/1995/470 748/1996/470
f 745/1997/471 743/1998/471 747/1999/471 749/2000/471
f 750/2001/472 748/2002/472 744/2003/472 746/2004/472
